AIB06038,A,swine,Nebraska,2014
ABW36333,A,swine,Ontario,1981
ADD23162,A,-,San Diego,2009
AAV80798,A,avian,Minnesota,2003
ABY40410,A,swine,Saraburi,2005
AET84295,A,-,Nevada,2009
BAN14735,A,swine,Saitama,2005
BAF49415,A,avian,Hokkaido,2001
AGF69039,A,avian,United Arab Emirates,2011
AFH76980,A,swine,Missouri,2010
AEL89681,A,-,Bangkok,2010
ACR26715,A,swine,North Carolina,2003
AFH76985,A,swine,Illinois,2010
ABM21877,A,avian,Dubai,2000
ABU80265,A,swine,Tennessee,1978
AHM24191,A,swine,North Dakota,2014
ADV02479,A,swine,KU,2001
AGK24317,A,swine,Thailand,2010
AFH53725,A,swine,Illinois,2010
ADD10558,A,avian,Eastern China,2008
AEY75592,A,avian,Malaysia,1997
ABD85122,A,swine,Taiwan,2004
AHB22975,A,swine,North Carolina,2006
AHB72773,A,swine,Minnesota,2013
AEQ61287,A,swine,Jiangsu,2011
AGF69028,A,avian,United Arab Emirates,2011
AFV33742,A,-,Utah,2012
AFV53205,A,-,Montevideo,1967
AFJ19065,A,swine,Ohio,2011
AAM75158,A,-,Puerto Rico,-
AEX35120,A,-,HaNoi,2008
AAY52517,A,avian,Shijiazhuang,1998
AEO89172,A,-,Hunan,2009
AEV40002,A,-,Shenzhen,2009
ABA08508,A,-,New York,2003
ABD95031,A,-,Canterbury,2000
ADG59089,A,avian,Shanxi,2006
ABG80073,A,-,New York,1994
ACU46644,A,-,Thailand,2006
AGL04365,A,swine,Denmark,2003
AFN66856,A,swine,Oklahoma,2012
AFH53736,A,swine,Illinois,2010
AHN19556,A,avian,Egypt,2013
AFR76505,A,swine,Finistere,1982
AGK43414,A,avian,Minnesota,2010
AEW25367,A,-,Zhejiang,2009
ACY80644,A,avian,NV,2006
AGF68987,A,swine,Minnesota,2013
ADV19281,A,swine,Guangdong,2010
ABO38373,A,-,Iowa,1943
AHL83056,A,avian,Mississippi,2012
ABD28182,A,-,Guangxi,2005
AFR76696,A,swine,Italy,2001
AFU09933,A,swine,Illinois,2012
AGG25652,A,avian,Interior Alaska,2010
AHC69370,A,swine,Nebraska,2013
AGG53177,A,swine,Thailand,2012
AFW18325,A,avian,Giza,2009
ACF41900,A,-,New York,2004
ABB51963,A,-,Taiwan,2004
AGZ61259,A,-,Colorado,2012
BAM36159,A,avian,Vietnam,2011
ABI85000,A,-,Canada,2004
AEM63482,A,-,Blore,2009
ACF20226,A,avian,California,1999
AHH00837,A,swine,Nebraska,2013
ADB82656,A,swine,Thailand,2009
ADT64868,A,avian,Victoria,1981
AHB23143,A,swine,Texas,2010
AFY08044,A,swine,Illinois,2012
ACT20893,A,avian,Tyva,2009
AGL57850,A,avian,Delaware,2002
AGC13516,A,swine,Iowa,2012
ABB96363,A,-,Memphis,1976
ADT64860,A,avian,Victoria,1981
ABK57093,A,-,Thailand,2005
ABK57092,A,-,Philippines,2004
ACO07033,A,avian,Vietnam,2008
AHA38580,A,-,Tambov,2013
ACO07038,A,avian,Vietnam,2008
AHB51390,A,swine,Minnesota,2005
ABD15258,A,-,Denver,1957
ABD59853,A,-,TW,2003
AGY14270,A,avian,Hunan,2011
BAN14747,A,swine,Osaka-C,2008
AEJ10440,A,-,Sydney,2010
AIC73815,A,-,Massachusetts,2014
AIA24447,A,swine,Minnesota,2014
AHA57155,A,swine,Illinois,2013
AFJ13424,A,avian,Delaware Bay,1993
AFR76344,A,swine,England,2000
AFH00263,A,-,Scotland,1993
BAG28227,A,-,Morioka,2005
AGL58957,A,avian,New Jersey,2008
ABW80976,A,-,New York,2001
AGB84799,A,avian,Eastern China,2008
ADU25478,A,-,Switzerland,2010
ABD60955,A,-,Texas,1991
AAU25861,A,swine,Ontario,2001
ABV31843,A,avian,Guangxi,2005
AFA51661,A,avian,Egypt,2011
ADT78936,A,-,Netherlands,1951
ACO95270,A,-,Brisbane,2007
ABW81507,A,-,Denmark,2001
ABO38384,A,-,Phila,1935
ADJ38087,A,swine,Iowa,2010
AFZ15807,A,swine,Nebraska,2012
AHB72834,A,swine,Illinois,2013
AFM46999,A,swine,Iowa,2011
ACZ48594,A,avian,Pakistan,2004
ADG28683,A,avian,Egypt,2008
ADG28681,A,avian,Egypt,2008
ABB87886,A,avian,Delaware Bay,1987
ABP49481,A,-,Albany,1951
AGZ61211,A,-,Oklahoma,2012
ACZ48608,A,avian,Italy,1999
AEQ72884,A,avian,Egypt,2011
ABB46392,A,-,Beijing,1975
AFR75892,A,swine,England,2009
AFG99094,A,-,Rotterdam,1977
ADF83497,A,swine,Guangdong,2009
AEA48985,A,-,Fuzhou,2010
AHG26648,A,swine,Illinois,2013
ACY25797,A,avian,Iran,2007
AGH55479,A,avian,India,2008
ABS50795,A,avian,Israel,2005
AAD05218,A,swine,England,1996
ABB96520,A,-,Nanjing,1977
AGK24455,A,swine,Illinois,2013
AFG71953,A,-,Bilthoven,1972
AIB06050,A,swine,Iowa,2014
ABD61735,A,-,Fort Warren,1950
AHY20935,A,swine,South Dakota,2014
AAY46201,A,swine,Inner Mongolia,2001
AEM63475,A,-,Kol,2009
AEQ72889,A,avian,Egypt,2011
AFR76238,A,swine,England,2001
AET77666,A,avian,Alberta,2006
ACA50030,A,avian,Iran,1999
AFV77715,A,swine,Shaanxi,2012
AHZ65761,A,swine,North Carolina,2014
AGQ47835,A,-,Georgia,-
AGK73290,A,-,California,2011
AHZ65765,A,swine,South Dakota,2014
AHI97132,A,avian,Henan,2013
AFR60992,A,avian,Shandong,2011
AHB21075,A,swine,North Carolina,2006
ABF17959,A,avian,Ontario,2005
AFG99237,A,-,Colorado,1986
AFM46668,A,swine,Mississippi,2011
AAC54378,A,-,tern,1961
AEQ72868,A,avian,Egypt,2011
AHH25326,A,swine,Illinois,2013
ABN51066,A,-,Memphis,1996
AHF20480,A,-,Cambodia,2013
AHZ44225,A,avian,Wisconsin,2012
ADW01407,A,-,Jiangsu,2011
ABU99195,A,avian,West Java,2006
AHZ65737,A,swine,Oklahoma,2014
AHZ65769,A,swine,Iowa,2014
AAC54377,A,-,chicken,1979
AGL06095,A,-,Hawaii,2012
ADG59055,A,avian,Guizhou,2008
ADG59054,A,avian,Liaoning,2007
BAG49742,A,swine,Kyoto,1979
AAL87867,A,swine,North Carolina,2001
AFX65229,A,swine,Nanjing,2011
ABE68927,A,avian,Qinghai,2005
ACI41126,A,avian,Nakornsawan,2005
AHB59452,A,swine,Nebraska,2013
AGB98447,A,swine,Ohio,2009
AGX00864,A,avian,Ningxia,2012
ACT15355,A,-,Egypt,2009
CAA24272,A,-,Puerto Rico,1934
AEX38474,A,-,Wisconsin,2011
ABK34764,A,avian,Shanxi,2006
AFL56810,A,swine,Oklahoma,2011
AFP99689,A,swine,Ohio,2012
AHB22213,A,swine,Saskatchewan,2009
ACD88648,A,avian,North Carolina,2005
AFG72085,A,-,Sichuan,1987
AGF37648,A,-,Chita,2012
AEX63617,A,swine,Jiangsu,2011
ACU13094,A,-,Texas,2009
AEV40049,A,-,Shenzhen,2009
AHZ59311,A,avian,Guangxi,2013
AEF33067,A,swine,North Carolina,2010
AFD32574,A,swine,Indiana,2010
AGG53738,A,swine,Illinois,2013
AHL81845,A,avian,Wisconsin,2011
BAH02110,A,swine,Udon Thani,2004
AFG99248,A,-,Shanghai,1987
CAC18524,A,-,Fiji,1983
ABS00315,A,swine,Henan,2006
ACV49600,A,-,Japan,1957
ADC97015,A,avian,Shandong,2008
AGT18724,A,-,Kenya,2013
AFH76959,A,swine,Minnesota,2011
AEZ54197,A,swine,Iowa,2011
AFV53293,A,-,Ned,1963
AHN96602,A,avian,Iowa,2013
AEX30519,A,swine,Henan,2010
AGC13633,A,swine,South Dakota,2012
ABI54388,A,swine,Korea,2006
ACY67022,A,swine,Iowa,2003
AFQ60210,A,-,Egypt,2012
AEP17308,A,avian,Ontario,2011
AFN06490,A,swine,Zhejiang,2008
AHB72968,A,avian,Egypt,2013
AFU10181,A,swine,Minnesota,2011
AFJ76186,A,-,Malaysia,2009
ACI26593,A,-,Siena,1991
AGN69613,A,swine,North Carolina,2013
AGZ60429,A,-,New Hampshire,2012
AHG26737,A,swine,Oklahoma,2013
AEM75431,A,avian,Mississippi,2010
ACN90994,A,swine,Pingtung,1999
ABP49327,A,-,AA,1945
ACE77927,A,swine,Korea,2004
AEN68581,A,swine,Italy,2010
BAM62981,A,swine,Chonburi,2011
ADM33949,A,avian,Bangladesh,2010
AHW46681,A,swine,Iowa,2014
AGL60617,A,avian,New Jersey,2009
AGL07410,A,-,Hawaii,2012
AGE83982,A,swine,Korea,2011
AFW18314,A,avian,Giza,2008
AGF69071,A,swine,South Dakota,2013
ABQ97200,A,-,Hong Kong,1968
ABQ97202,A,swine,Leipzig,1992
ACA33752,A,-,Minnesota,2007
AFO64868,A,-,Shanghai,1996
AGH25310,A,swine,Jiangsu,2009
AHN96650,A,avian,Ohio,2013
ADW93789,A,swine,Costa Rica,2010
AGL04214,A,avian,Newfoundland,2011
AGO00337,A,-,PAL,-
AFJ78364,A,-,Malaysia,1997
AGO86678,A,swine,Minnesota,2013
AFQ34707,A,swine,Mexico,2010
ACH95660,A,swine,Anhui,2006
CAA29337,A,-,England,1977
ADT79129,A,-,Nijmegen,1959
AAA43243,A,avian,Hong Kong,1978
AEP17277,A,swine,Iowa,2011
ACZ61118,A,-,Parana,2009
ABO38340,A,-,Chile,1983
AHB20856,A,swine,Tennessee,2004
AHI43338,A,swine,Illinois,2013
AHZ39487,A,avian,Republic of Georgia,2012
AFG98863,A,-,England,1972
AHN97178,A,avian,Wisconsin,2013
ACV90903,A,avian,Montana,2006
ABK00132,A,swine,Anhui,2004
AFO83274,A,avian,Hungary,2001
AHC69182,A,avian,Bangladesh,2012
AGT18748,A,-,Kenya,2012
ABC69150,A,avian,Hebei,2002
AHI97714,A,swine,Thailand,2012
ACL79904,A,swine,Minnesota,2007
AHB23035,A,swine,North Carolina,2007
ACT33159,A,swine,Alberta,2009
BAN79067,A,avian,Vietnam,2013
ACF47420,A,avian,California,2007
AHB23071,A,swine,Arkansas,2009
AEO01709,A,-,Mexico,2008
AFX65259,A,swine,Illinois,2012
AHW83226,A,-,Pavia,2014
AHW46596,A,swine,Oklahoma,2014
AFX65251,A,swine,North Carolina,2012
CAC86610,A,swine,Cotes d'Armor,1999
AGL04337,A,swine,Denmark,2003
AGZ61263,A,-,Mississippi,2012
ACF54565,A,-,Wyoming,2003
AEO01499,A,-,England,2009
AHF20501,A,swine,Illinois,2013
AFV53314,A,-,Ann Arbor,1960
AFO66147,A,-,Chile,2000
ADL32414,A,-,Madrid,2009
ABG48181,A,-,Waikato,2002
AFH00098,A,-,Lyon,1993
AAA43185,A,-,Japan,1957
ACZ81556,A,-,Thailand,2009
AEH42785,A,swine,Hubei,2009
ABD59847,A,-,Taiwan,1996
AEX34650,A,-,HaNoi,2005
BAN66743,A,avian,Vietnam,2013
ACZ16520,A,-,Wisconsin,2009
ABI84588,A,avian,Germany,1973
AHZ65725,A,swine,Iowa,2014
BAM37808,A,-,Tottori,2011
ABB88369,A,avian,Ukraine,1963
ADY80044,A,swine,Indiana,2010
AAA43678,A,-,Singapore,1957
AFU09053,A,swine,Italy,2011
ADT78961,A,-,Netherlands,1960
AHY95096,A,swine,Illinois,2014
AEO89145,A,-,Xinjiang,2009
ACO95226,A,-,Hong Kong,2005
AEF33066,A,swine,Illinois,2010
ACF36398,A,-,Hong Kong,2001
ACF36396,A,-,Hong Kong,2001
ACR49193,A,avian,East Java,2006
AFU10169,A,swine,Illinois,2011
ABJ16565,A,avian,Maryland,2002
AGO87255,A,avian,Hunan,2011
AFU08828,A,swine,Illinois,2012
AGI40726,A,swine,Iowa,2013
ACI26571,A,-,Siena,1990
AHF20383,A,-,Cambodia,2013
AIA24403,A,avian,Guangdong,2014
ABB82216,A,-,New York,2002
ACX31981,A,avian,Egypt,2009
AFI44374,A,swine,Illinois,2011
AHB22699,A,swine,North Carolina,2004
BAN42578,A,avian,Soc Trang,2012
AHW83238,A,-,Minnesota,2012
AGL60763,A,avian,Delaware,2009
ADP69273,A,avian,Emirates,2002
AFB18647,A,-,whooper swan,2011
ABB80672,A,-,New York,1998
ABG88531,A,-,New York,1994
AHZ39463,A,avian,Republic of Georgia,2012
ADM23847,A,-,Alagoas,2010
ADM23846,A,-,Alagoas,2010
AHB22567,A,swine,Iowa,2003
ADV69097,A,swine,Iowa,2010
AFZ77460,A,swine,Minnesota,2012
ABI21519,A,-,Nanchang,1996
ADV69091,A,swine,Indiana,2009
ADV69090,A,swine,Minnesota,2009
ADY71526,A,swine,Hong Kong,2007
AFM46639,A,swine,Iowa,2011
AFG71996,A,-,Bilthoven,1974
AFI62138,A,swine,Minnesota,2011
AFI62139,A,swine,Minnesota,2011
AFM46633,A,swine,Iowa,2011
ABB86946,A,swine,Ontario,2004
ABG37230,A,-,New York,1994
BAJ09275,A,avian,Tsukuba,2006
AGG86729,A,swine,Illinois,2013
ADB81439,A,-,Russia,2009
ACV49556,A,-,Melbourne,1946
BAM78376,A,swine,Tochigi,2011
AHZ43485,A,avian,Ohio,2012
ADY71223,A,swine,Hong Kong,2003
ABO44057,A,-,Albany,1967
ABO32992,A,-,Lackland,1978
AGL06857,A,-,Texas,2012
AFI44342,A,avian,Egypt,2011
AGS08997,A,swine,Korea,2012
AGG27706,A,avian,Delaware Bay,2001
ADK48778,A,swine,Italy,2010
AHJ02888,A,swine,Guangxi,2013
ABJ16785,A,-,South Australia,2000
AGC13458,A,swine,Finland,2010
AGL04311,A,swine,Denmark,2005
AHK10669,A,swine,Iowa,2012
ADK56450,A,avian,Guangzhou,2005
AAX57924,A,-,New York,2000
ADI46320,A,swine,East Java,2007
AHG26890,A,-,Utah,2013
AEO91779,A,swine,North Carolina,2005
AHL82087,A,avian,Wisconsin,2011
AFI62127,A,swine,Kansas,2009
ACX48061,A,swine,Bavaria,2007
AHM24143,A,swine,Illinois,2014
AGL09786,A,-,New York,2013
AGK42156,A,avian,Minnesota,2008
AAY52507,A,avian,Henan,2002
ACT67801,A,-,New Hampshire,2009
AFH00076,A,-,Enschede,1993
AAY52504,A,avian,Heilongjiang,2000
AHM24301,A,swine,Guangxi,2013
ACY06458,A,swine,Shandong,2007
ACY06459,A,swine,Guangdong,2006
BAH98103,A,swine,Obihiro,1985
AGO17946,A,avian,Hong Kong,2011
AAA43247,A,-,Korea,1968
AGL04315,A,swine,Denmark,2005
AFR42701,A,swine,Korea,2011
ACY06456,A,swine,Fujian,2007
ACU44395,A,-,Wisconsin,2009
AGW43444,A,avian,Iceland,2011
ABD28181,A,-,Anhui,2005
AHB51328,A,swine,Minnesota,2004
AGK62750,A,swine,Argentina,2011
AEN02518,A,avian,Fujian,2011
AGL07673,A,swine,Minnesota,2013
AHN96842,A,avian,Ohio,2013
AFM46856,A,swine,Iowa,2011
AHC28996,A,avian,Guangdong,2008
AFM08869,A,avian,South Africa,2011
ACL80025,A,rhea,North Carolina,1993
AEH59624,A,-,Nanchang,2009
AHB51244,A,swine,Nebraska,2003
AFH00329,A,-,Hong Kong,1994
AGJ73386,A,swine,South Dakota,2013
AAW78047,A,avian,Korea,2003
AAA43248,A,-,Krasnodar,1959
ACI45446,A,-,Cambodia,2007
ABC72655,A,-,Thailand,2005
ABF60578,A,avian,New York,1978
CDJ79889,A,-,Luxembourg,2005
AHB21460,A,swine,North Carolina,2008
ACJ26341,A,avian,Hong Kong,2008
ACR81633,A,-,Paris,2009
AFU92387,A,swine,Shaanxi,2011
AEX30540,A,swine,Hong Kong,2011
AGI55453,A,-,Illinois,2009
AHM97626,A,avian,California,2012
ACO07043,A,avian,Vietnam,2008
AFB77618,A,-,Kenya,2011
ADN89270,A,-,California,2009
AGL04307,A,swine,Denmark,1993
AEN68938,A,-,Cambodia,2011
AEN68939,A,avian,Cambodia,2008
CAC81018,A,swine,Potsdam,1982
AAD05216,A,swine,England,1994
AAD05217,A,swine,England,1995
AEO01598,A,-,England,2009
BAJ14029,A,-,swine,2000
AEN94603,A,avian,Lao,2010
AGS08781,A,swine,South Dakota,2013
ABQ01355,A,-,Albany,1960
ACN67524,A,swine,Belgium,1998
AFO83295,A,avian,United Arab Emirates,2011
ABS71672,A,-,Thailand,2006
AET76690,A,avian,Delaware Bay,1999
AHB23117,A,swine,Oklahoma,2010
AFU08704,A,swine,Illinois,2012
AGN28824,A,swine,Korea,2013
AFZ15893,A,swine,SouthDakota,2012
AFR42694,A,-,Wuhan,1995
AGA19044,A,swine,Nebraska,2012
AHD25046,A,swine,Indiana,2013
AHV83802,A,-,Colorado,2013
AIB06042,A,swine,Iowa,2014
AGA19326,A,swine,Wuerusreuth,2009
AGG86723,A,avian,China,2011
CCQ71983,A,swine,Spain,2007
ABB18025,A,avian,Alberta,1996
ACV70734,A,-,Wisconsin,2009
ACD56302,A,-,North Carolina,1968
ADQ92582,A,avian,Delaware,2007
ACM51329,A,-,South Carolina,2008
BAN14734,A,swine,Saitama,2004
AFR76539,A,swine,Cotes d'Armor,2002
ABO38098,A,-,Albany,1958
ACF25679,A,avian,Minnesota,1987
AGZ62339,A,swine,Illinois,2013
AEM75523,A,avian,Wisconsin,2009
ADT79161,A,swine,Italy,1981
AFR75881,A,swine,Eire,1996
AAR02640,A,-,Netherlands,2003
AFO83000,A,swine,Iowa,2012
AEB80459,A,swine,Thailand,2010
ACT97067,A,swine,Tianjin,2004
ADG21445,A,-,Egypt,2010
AHJ57430,A,-,Tehran,2013
AGG82133,A,avian,New Brunswick,2010
ADA83043,A,-,Novgorod,2009
ADG21441,A,-,Egypt,2010
ACJ73766,A,-,Texas,2008
AFJ69901,A,avian,Vietnam,2007
AEQ38190,A,-,Hong Kong,2009
ABI95261,A,-,Nanchang,1996
AHZ65657,A,swine,North Carolina,2014
AGK62683,A,swine,Nebraska,2013
AEQ38195,A,-,Hong Kong,2009
AFN18875,A,-,Singapore,2009
ABA46957,A,swine,Minnesota,2004
ADU85894,A,swine,Italy,1998
AHC58029,A,-,Peru,2011
ADU85891,A,swine,Italy,2009
ABW39883,A,-,Texas,2007
AGQ88476,A,swine,Iowa,2013
ACY06623,A,swine,Hubei,2009
AHB73620,A,avian,Dongting,2012
AGL57927,A,avian,Delaware,2003
AEG64762,A,-,United Kingdom,1933
ADD96936,A,-,San Diego,2009
ABO52071,A,-,Waikato,2004
AGI02344,A,avian,Shandong,2010
AEO91855,A,swine,Minnesota,2008
AGS41692,A,swine,Illinois,2013
AAX35871,A,-,New York,2002
AFV53260,A,-,Kw,1957
BAO74193,A,avian,kumamoto,2014
AGW44014,A,avian,Canada,2011
AFR76739,A,swine,Italy,2006
ACZ96889,A,-,Brownsville,2009
AGB84833,A,swine,Finland,2009
AGS48846,A,swine,Illinois,2013
AGG53443,A,avian,Korea,2010
AAK71687,A,avian,MO,1999
AHY95104,A,swine,Minnesota,2014
AFZ15937,A,swine,Indiana,2012
AGW83314,A,swine,Illinois,2013
AGZ61178,A,-,Arkansas,2013
AGS08785,A,swine,Minnesota,2013
AFU10184,A,swine,Minnesota,2010
AAG10650,A,avian,Pakistan,1995
AFM46517,A,swine,Iowa,2010
AFQ55689,A,-,Mexico,2012
AFU09056,A,swine,Italy,2010
AFM46518,A,swine,Iowa,2010
AFM46519,A,swine,Iowa,2010
AGL07471,A,swine,France,2013
AHZ65629,A,swine,Missouri,2014
AHB51172,A,swine,Texas,2003
ABD79101,A,-,Weiss,1943
AFJ12607,A,avian,Hong Kong,1978
AHZ43660,A,avian,Ohio,2012
AEV40056,A,-,Shenzhen,2009
AET77176,A,avian,Delaware Bay,2003
ADV69106,A,swine,Minnesota,2010
ACZ53978,A,swine,Jilin,2008
ABS89365,A,-,chicken,1976
ABQ57239,A,-,swine,-
ADU85893,A,swine,Italy,2009
ADC45670,A,-,Hyogo,2007
BAK42591,A,avian,Indonesia,2010
ADZ05628,A,-,Reunion,2004
BAJ06679,A,-,Nagasaki,2010
ACU82395,A,swine,Sweden,2009
ACS71656,A,-,Mexico,2009
ACD35865,A,avian,Minnesota,2005
ACA33732,A,-,Texas,2007
AFR75836,A,swine,Korea,2009
AFU09985,A,swine,Nebraska,2012
AGG83064,A,avian,New Brunswick,2010
ADI52836,A,avian,Ontario,2009
ADI52837,A,avian,Ontario,2009
ACU46717,A,swine,Guangdong,2002
AEI30056,A,swine,Korea,2009
BAJ83422,A,avian,Zambia,2009
AGU92777,A,-,Georgia,2012
AFR76783,A,swine,Spain,2002
ADO14466,A,avian,Shandong,2008
ABS71668,A,-,Thailand,2006
AHB24776,A,swine,Mexico,2011
AIC73834,A,-,Ohio,2014
ADO14359,A,-,Belgorod,2009
AGI41230,A,avian,Shaanxi,2012
AHF20428,A,-,Cambodia,2013
AHJ57435,A,-,Tehran,2013
ACS78026,A,-,New York,2009
ACE77937,A,swine,Korea,2007
ACE77933,A,swine,Korea,2006
AEK49568,A,avian,California,2008
AGR45311,A,swine,Nebraska,2013
AFG98940,A,-,Bilthoven,1974
ACQ65691,A,-,Taiwan,2007
ACE77939,A,swine,Korea,2005
ACE77938,A,swine,Korea,2004
AHD25285,A,swine,Minnesota,2013
BAM42775,A,avian,Vietnam,2011
AFW16001,A,swine,Oklahoma,2012
ADV69079,A,swine,North Carolina,2009
ADG59063,A,avian,Tibet,2006
ADG59060,A,avian,Liaoning,2006
ACY25801,A,avian,Iran,2007
ADG59067,A,avian,Xinjiang,2006
ADG59064,A,avian,Hunan,2007
ABJ51739,A,avian,Viet Nam,2005
ACF25627,A,emu,NY,1994
AHB51316,A,swine,Missouri,2004
AEZ02122,A,swine,North Carolina,2009
AHB51472,A,swine,Manitoba,2009
AEF28999,A,swine,OH,2011
ABO38351,A,-,Henry,1936
AHA57151,A,swine,Illinois,2013
ACI32741,A,-,Baden-Wuerttemberg,2003
AHB20931,A,swine,Oklahoma,2005
CCQ71947,A,swine,Spain,2007
AFH00725,A,-,Netherlands,1982
AFU08580,A,swine,Illinois,2012
ACD12172,A,avian,Hong Kong,1979
AAT12704,A,swine,Pingtung,2002
AEP71333,A,avian,Egypt,2009
ABX10497,A,avian,Hebei,2005
AIC73740,A,-,Alabama,2014
AAS07023,A,avian,England,1973
ADE75148,A,avian,Sweden,2002
ADC29463,A,avian,Korea,2004
AGL58994,A,avian,New Jersey,2008
AGO02249,A,avian,Hong Kong,2009
AGW27061,A,avian,Hong Kong,2011
AHA98464,A,-,Helsinki,2013
AHW46580,A,swine,Illinois,2014
ACE77942,A,swine,Korea,2007
AEM63500,A,-,Lur,2010
ACJ26374,A,avian,Hong Kong,2008
AHD25126,A,swine,North Carolina,2013
ACE77946,A,swine,Korea,2007
ABI20870,A,-,New York,1995
ACK99476,A,-,Siena,1997
AFM72312,A,-,Fujian,2003
AEA73584,A,-,Boston,2009
CCD31011,A,swine,La Habana,2010
AFM47165,A,swine,Guangdong,2011
AFH53677,A,swine,Minnesota,2011
ABW40114,A,-,New York,2007
AHX38928,A,swine,Ohio,2013
AEX34768,A,-,TayNguyen,2006
CAP49183,A,swine,Germany,1995
AHG26596,A,swine,Oklahoma,2013
AFO83280,A,avian,Nepal,2010
ADX96236,A,swine,Hubei,2009
ADD21467,A,swine,Fujian,2008
AFR76311,A,swine,England,2006
AGW43288,A,avian,Iceland,2011
AGY80411,A,avian,California,2012
BAI68198,A,avian,Vietnam,2009
AIA66646,A,-,Shiraz,2013
AHB51520,A,swine,North Carolina,2003
AGY79889,A,avian,California,2012
AHD25010,A,swine,Minnesota,2013
AFJ77517,A,-,Malaysia,1999
AGO51411,A,swine,Wyoming,2013
AAV30828,A,swine,Fujian,2003
AGL57968,A,avian,Delaware,2003
AGT18720,A,-,Kenya,2013
ACB11782,A,-,New Mexico,2008
AGT18723,A,-,Kenya,2012
BAF43466,A,swine,Shimane,2001
AFM68954,A,-,NWS,1934
AGJ73367,A,-,Alborz,2011
AIA24435,A,swine,Kansas,2014
AHN96710,A,avian,Iowa,2013
AGM16027,A,swine,Iowa,2013
AGG27863,A,avian,Delaware Bay,2001
BAA02768,A,-,Suita,1989
AHM24199,A,swine,North Carolina,2014
AGL04309,A,swine,Denmark,2004
ADO29901,A,-,Qingdao,2009
AAD25309,A,swine,Netherlands,1980
AFM08891,A,avian,South Africa,2011
AGI02552,A,swine,Kansas,2012
ADO29908,A,-,Qingdao,2010
AGK73228,A,-,Washington,2011
ADG21437,A,-,Egypt,2010
AFM71731,A,-,Beijing,1989
ABI20826,A,-,Hickox,1940
ACF24987,A,avian,Minnesota,1999
AFU08812,A,swine,Illinois,2012
ADK89127,A,swine,Heilongjiang,2007
ACA04574,A,avian,Western Australia,1984
AGI41250,A,swine,Illinois,2013
ABD73284,A,avian,Turkey,2005
ABY81829,A,avian,Korea,2005
ACD56324,A,-,Moscow,1965
ADM85867,A,avian,Egypt,2010
ADJ18171,A,-,Iran,2009
ADC45813,A,-,Kyoto,2009
ABY81821,A,swine,Korea,2004
AHN00657,A,avian,Wisconsin,1981
ABR37440,A,emu,New South Wales,1997
AHB22843,A,swine,Oklahoma,2005
AHB22615,A,swine,Nebraska,2003
BAJ40004,A,-,Sendai,2009
AFV31477,A,swine,South Dakota,2012
AHB22963,A,swine,South Carolina,2006
BAM36148,A,avian,Vietnam,2011
AEP32455,A,-,Thailand,2009
ACH95456,A,avian,Fujian,2002
AFJ74842,A,-,Malaysia,2004
AGN49381,A,avian,Guangxi,2012
ACA33674,A,-,Delaware,2007
AIC73767,A,-,Japan,2014
AGL04629,A,-,Illinois,2012
AHZ39510,A,avian,Republic of Georgia,2012
AFU08816,A,swine,Illinois,2012
AGE02663,A,avian,Wisconsin,2010
AGK43532,A,avian,Minnesota,2008
AEN68577,A,swine,Italy,2010
ABD15746,A,-,Canterbury,2000
AEN68575,A,swine,Italy,2010
AEI30055,A,swine,Korea,2008
ACM17265,A,swine,NC,2005
AEI30057,A,swine,Korea,2009
ADI46319,A,swine,East Java,2007
AEM75239,A,avian,Wisconsin,2009
ABS53372,A,swine,Bakum,2000
AAW29080,A,avian,Eshkol,2003
AAK70456,A,-,Hong Kong,1998
AHZ65633,A,swine,Minnesota,2014
AET76679,A,avian,Delaware Bay,1999
ABO38701,A,-,Albany,1967
AFO64835,A,-,Wellington,1992
AAA72339,A,swine,Nebraska,1992
ACF74243,A,avian,California,2007
BAK42590,A,avian,Indonesia,2010
AFH00065,A,-,Akita,1993
AHH25330,A,swine,Minnesota,2013
AHG26608,A,swine,Illinois,2013
ACT21466,A,-,New York,1998
ABW21667,A,avian,Huadong,2005
ABD59848,A,-,TW,1997
AFJ13380,A,avian,Delaware Bay,1986
ACV90543,A,avian,New York,2007
AFG72735,A,-,Oslo,1997
AFO83294,A,avian,Saudi Arabia,2011
AHJ57431,A,-,Tehran,2013
ABD16718,A,-,Memphis,1986
AAK70452,A,-,Hong Kong,1998
AGG27718,A,avian,Delaware Bay,2001
AHM97674,A,avian,California,2013
ACF25543,A,avian,Minnesota,2005
AAK70454,A,-,Hong Kong,1998
AFU08988,A,swine,Nebraska,2012
AHL83031,A,avian,Mississippi,2012
AHK10800,A,-,Shanghai,2014
AET74962,A,avian,Delaware,1988
AGL09815,A,-,Texas,2013
ABF21278,A,-,Wilson-Smith,1933
ADZ05627,A,-,Lyon-CHU,2003
AGU69932,A,-,Singapore,2007
AFG99138,A,-,Bilthoven,1982
AHF20413,A,avian,Cambodia,2013
AGK72773,A,-,Mississippi,2011
BAI83388,A,swine,Tochigi,2008
AAA92280,A,-,WS,1933
AGQ47740,A,-,BH,1935
AGZ62404,A,swine,Illinois,2013
AHJ02873,A,swine,Minnesota,2014
ADD21560,A,-,Kansas,2009
AGR45144,A,swine,Italy,2011
AEW31134,A,-,Minnesota,2011
AHD25415,A,swine,Indiana,2013
ADV58880,A,swine,QC,2009
AAZ32951,A,-,Moscow,2003
AEX33924,A,-,HaNoi,2006
AHL81541,A,avian,Wisconsin,2011
AEN95123,A,-,duck,2001
AIA24431,A,swine,Kansas,2014
AFM72356,A,-,Wellington,2004
ACO07051,A,swine,Tainan,2005
ABI94581,A,avian,Netherlands,2003
AGG86711,A,swine,Illinois,2013
AGF69050,A,avian,United Arab Emirates,2011
AGT37102,A,swine,Denmark,2012
AFJ78661,A,-,Malaysia,2009
BAG49619,A,swine,Miyazaki,2006
AFQ34729,A,swine,Mexico,2010
AFR76416,A,swine,England,1995
AGZ62396,A,swine,Iowa,2013
AGR45141,A,swine,Italy,2011
AFQ37281,A,swine,Nigeria,2011
ADD21428,A,swine,Indonesia,2004
AHM98133,A,avian,California,2013
ACI06178,A,-,Cambodia,2007
AHB22342,A,swine,North Carolina,2007
AGQ47776,A,-,Cameron,1946
ADK26592,A,swine,Illinois,2010
AHB51256,A,swine,Missouri,2003
ABB80023,A,-,Hong Kong,1972
AGL52805,A,avian,Interior Alaska,2010
AHB22855,A,swine,Texas,2005
AFF57124,A,-,Gyeonggi,2010
ABU99104,A,avian,Vietnam,2005
AAU25851,A,swine,Saskatchewan,2002
AFG99006,A,-,Bilthoven,1976
AAX47525,A,-,New York,2002
AIA62032,A,avian,Guangxi,2009
ACA28846,A,-,Brisbane,2007
AHC69322,A,swine,Iowa,2013
CAA78263,A,-,fowl,1927
ABB03134,A,-,New York,2003
AGL09881,A,-,Florida,2013
ACD56313,A,-,Korea,1968
ACH95448,A,avian,Henan,2001
AEN68619,A,avian,Israel,2011
AFU08788,A,swine,Oklahoma,2012
ACF47409,A,avian,California,2007
AFG99501,A,-,Canberra,1991
AFI73232,A,avian,Egypt,2011
AFI73231,A,avian,Egypt,2012
ADI52834,A,avian,Ontario,2009
ABI20958,A,-,New York,1994
AGG86873,A,swine,Heudorf-Messkirch,2011
ABA43336,A,-,Memphis,1990
AAD26938,A,avian,NY,1998
ACB70647,A,avian,Vietnam,2007
AGL05056,A,-,Texas,2012
BAD89325,A,avian,Kyoto,2004
ACF36262,A,-,Hong Kong,2000
AAD17229,A,-,South Carolina,1918
AHZ44129,A,avian,Wisconsin,2012
ADV69078,A,swine,Minnesota,2009
AEP17078,A,swine,Illinois,2011
ABG67978,A,avian,Laos,2006
AEP17073,A,swine,Iowa,2011
AFR75914,A,swine,England,2002
ABA27440,A,swine,IN,2004
AFM46642,A,swine,Iowa,2011
AFM46643,A,swine,Oklahoma,2011
AFV33954,A,swine,Montana,2012
AFR75854,A,swine,Korea,2009
AAA43205,A,avian,Ontario,1966
AEJ82796,A,-,Taiwan,2011
AIB06034,A,swine,Nebraska,2014
ABW91526,A,-,Kentucky,2007
AEJ82792,A,-,Taiwan,2011
AFC98273,A,swine,North Carolina,2011
AFC98271,A,swine,North Carolina,2010
AEO89163,A,-,Guangxi,2009
AHB21700,A,swine,Illinois,2009
BAN81923,A,avian,Vietnam,2013
AFC18325,A,avian,England,2010
AEQ72881,A,avian,Egypt,2011
AGL57025,A,avian,Interior Alaska,2010
AFR75967,A,swine,England,2005
ADI34061,A,avian,Chakwal,2004
ADI34060,A,avian,Karachi,2004
AGC73203,A,avian,Ohio,2011
AEK79815,A,avian,Viet Nam,2008
AFJ77891,A,-,Malaysia,2004
ACN39410,A,avian,Anhui,2007
AGH25309,A,swine,Jiangsu,2008
ABE73115,A,-,Moscow,1999
ADG85233,A,swine,IN,2010
AGF37789,A,swine,Iowa,2012
AFB70317,A,-,Argentina,2009
ADX31858,A,swine,England,2010
ADU53614,A,avian,Interior Alaska,2008
ABO52247,A,-,Albany,1968
AFU08908,A,swine,Nebraska,2012
ABS50053,A,-,Auckland,2001
AGN69629,A,swine,North Carolina,2013
AHZ44189,A,avian,Wisconsin,2012
AFU08884,A,swine,Illinois,2012
AEA29595,A,swine,QC,2009
AEA50985,A,-,Bangladesh,2011
AHL21511,A,swine,Minnesota,2013
ADY72576,A,swine,Hong Kong,2005
ABB04906,A,-,Hong Kong,1992
ABD79112,A,-,Cameron,1946
AFR76623,A,swine,Gent,2005
AFE02952,A,-,Taiwan,2011
AAA43117,A,-,duck,1972
AHZ65637,A,swine,Minnesota,2014
ABI84450,A,avian,Delaware,1986
ADM85857,A,avian,Egypt,2010
AAT08004,A,-,turkey,1969
AFO65016,A,-,Ostrava,1998
AHL58744,A,swine,Iowa,2013
AET80429,A,avian,Vietnam,2011
AEX30517,A,swine,Shepparton,2009
AHB21027,A,swine,Oklahoma,2006
AHY95001,A,swine,North Carolina,2014
AHB73644,A,swine,Iowa,2013
AFP83236,A,swine,Guangdong,2010
AGK24287,A,swine,Thailand,2009
ACD35872,A,avian,North Carolina,2005
BAA00718,A,-,swine,1939
ABY81426,A,swine,Iowa,1986
AEN94876,A,swine,North Carolina,2005
AEN55513,A,-,Bangkok,2010
AHM24289,A,swine,Guangxi,2013
AEX35428,A,-,HaNoi,2004
ADG08198,A,swine,Hong Kong,2009
AGM53496,A,swine,Ohio,2007
AHZ42377,A,avian,Delaware Bay,1994
AHZ43337,A,avian,Missouri,2012
AEO01612,A,-,England,2009
AAP71989,A,avian,MN,1998
AHG26717,A,swine,Iowa,2013
AFM93978,A,swine,South Dakota,2012
AHL95518,A,-,Boston,2013
AGG27899,A,avian,Delaware Bay,2001
AFU08956,A,swine,Illinois,2011
AGX00886,A,swine,Illinois,2013
AFM46852,A,swine,Iowa,2011
AFM78578,A,ferret,Indonesia,2005
AGL07472,A,swine,France,2011
AEZ01103,A,-,Hangzhou,2011
AFU10043,A,swine,Iowa,2012
AFU10042,A,swine,Colorado,2012
AFM72257,A,-,Ulan Ude,2000
AEN94886,A,swine,North Carolina,2002
AFM72098,A,-,Sichuan,1987
AFR76707,A,swine,Italy,2005
AEP84526,A,avian,Egypt,2011
AGY14421,A,swine,Illinois,2013
ACF74233,A,avian,California,2007
AFQ90529,A,-,Moscow,1998
CAB95857,A,-,Hong Kong,1999
ADP05197,A,avian,Fujian,2007
ACM80372,A,swine,Thailand,2005
ADG59070,A,avian,Xinjiang,2005
AHY20931,A,swine,South Dakota,2014
AFM46839,A,swine,Iowa,2011
AGG12643,A,swine,Ohio,2013
ABD62843,A,-,Bellamy,1942
AAA43578,A,avian,Ontario,1976
AAC59602,A,-,Vienna,1996
AAW80717,A,-,Viet Nam,2004
AAO65612,A,avian,NC,2001
AEW25590,A,-,Zhejiang,2009
ACF25596,A,avian,IA,1992
ACB11812,A,-,Hawaii,2007
AFU09062,A,swine,Italy,2011
BAM63158,A,avian,Mongolia,2012
AFG71942,A,-,Hong Kong,1971
ABO38362,A,-,India,1980
AHZ65741,A,swine,Illinois,2014
AFU10229,A,avian,SK,2010
AET11800,A,avian,Sanjiang,2007
AGI52981,A,-,Tennessee,2009
CAA91081,A,-,Mongolia,1988
CAA91080,A,-,Mongolia,1985
AHB24430,A,swine,Oklahoma,2010
AHB23011,A,swine,North Carolina,2007
AHN19444,A,-,Illinois,2013
AHZ40057,A,-,Houston,2012
AGG53498,A,avian,Korea,2009
BAI94576,A,-,Nagasaki,2010
AHB21448,A,swine,North Carolina,2008
ACN33090,A,-,Ohio,2007
AGZ62363,A,swine,Illinois,2013
AHA98453,A,-,Helsinki,2013
AAL29715,A,swine,MN,2001
AHX38310,A,swine,Ohio,2013
AFR76173,A,swine,England,2009
ADT79030,A,-,Netherlands,1982
AGE84002,A,swine,Korea,2011
AEK86047,A,swine,Guangdong,2010
AAL87868,A,swine,Minnesota,2000
AEK86048,A,swine,Guangdong,2010
ABF21276,A,-,Texas,1991
AFE48437,A,avian,Taiwan,2005
AFK13944,A,avian,Guangdong,2010
AFJ18989,A,avian,Yangon,2010
ABD61249,A,swine,Wisconsin,1980
AHA11511,A,swine,Minnesota,2013
AHY20736,A,avian,Bhutan,2012
AHY84442,A,avian,Iran,2014
ACZ48510,A,avian,Viet Nam,2001
AHB22927,A,swine,Oklahoma,2006
AGI52989,A,-,Virginia,2009
ACZ05568,A,-,New York,2009
ADY71612,A,swine,Hong Kong,2008
ACU44406,A,-,Minnesota,2009
BAO10666,A,avian,Chiba,2007
CCH23221,A,avian,Germany,1995
ACI26560,A,-,Siena,1990
ABP51975,A,-,Hong Kong,2003
AEZ01107,A,-,Hangzhou,2011
ABG34254,A,swine,Korea,2005
ACY25803,A,avian,Iran,2007
AHA38263,A,swine,Indiana,2010
ABU92710,A,-,Denmark,2004
ADR51661,A,swine,Italy,2002
AFG98830,A,-,Bilthoven,1971
AHA57131,A,swine,Nebraska,2013
AHD25066,A,swine,Oklahoma,2013
AHB21195,A,swine,Texas,2007
AHB21219,A,swine,Texas,2007
ABW81532,A,-,Denmark,2003
ABW94127,A,avian,Maryland,2002
ADR01746,A,swine,Italy,2010
AFP36088,A,swine,Minnesota,2012
AGM16031,A,swine,North Carolina,2013
BAK24094,A,avian,Aomori,2011
AGB84989,A,swine,Iowa,2012
AHG26632,A,swine,Illinois,2013
AHX38144,A,-,Gainesville,2014
CAD20336,A,avian,Hong Kong,1999
AHN19564,A,avian,Egypt,2013
AGO00313,A,-,Texas,-
AGO51415,A,swine,Minnesota,2013
AAD25312,A,swine,Netherlands,1985
ACD85198,A,-,Potsdam,1965
ACF54389,A,-,Georgia,1967
CAA24271,A,avian,Ukraine,1963
ACF36458,A,-,Hong Kong,2005
ADM95450,A,avian,Cambodia,2007
AET75834,A,avian,Delaware Bay,1994
BAC43764,A,-,Kayano,1957
AAA43090,A,-,Berlin,1964
ADN92778,A,-,Taiwan,2008
AHY95005,A,swine,Iowa,2014
ABQ42444,A,swine,Guangxi,2006
AFR76227,A,swine,England,2005
ABI84495,A,avian,New Zealand,1984
ABB79957,A,-,Nanchang,1994
ACA50026,A,avian,Iran,2007
AFI62154,A,swine,North Carolina,2010
ADL64047,A,avian,Chandigarh,2003
AAF87284,A,swine,Wisconsin,1998
AAF87283,A,swine,Wisconsin,1998
AFI62151,A,swine,Minnesota,2011
AHB21712,A,swine,Oklahoma,2010
AEU05027,A,-,Indiana,2011
AHY84544,A,-,Uganda,2009
AHB21628,A,swine,North Carolina,2009
ACX31973,A,avian,Egypt,2009
AGZ61248,A,-,Florida,2012
ADG59090,A,avian,Hunan,2004
ACV42073,A,swine,Oklahoma,2009
AFG99347,A,-,Netherlands,1989
AAG10670,A,avian,Northern Ireland,1998
ACU80014,A,-,New Jersey,1976
ADY70986,A,swine,Hong Kong,2001
AFH00494,A,-,Hong Kong,1996
CAP49192,A,swine,Germany,2000
ACZ58384,A,avian,Crimea,2008
ADG59044,A,swine,Guangdong,2010
AGA19337,A,swine,South Dakota,2012
BAN14745,A,swine,Ehime,2002
AHB22939,A,swine,North Carolina,2006
BAN14742,A,swine,Binh Doung,2010
AHZ65749,A,swine,North Carolina,2014
AFG72823,A,-,Fujian,2002
ADG59049,A,avian,Shandong,2006
AFX65236,A,swine,Minnesota,2012
ABS53363,A,swine,Cloppenburg,2005
ADV58875,A,avian,BC,2005
AHI43541,A,avian,Egypt,2012
ADV58876,A,avian,QC,2008
AHW46624,A,swine,Illinois,2014
ADO34927,A,swine,Missouri,2009
ACU12494,A,-,Siena,1991
AHN01260,A,avian,Alaska,1976
AFO64802,A,-,Nanchang,1999
AGL60775,A,avian,New Jersey,2009
AFG72096,A,-,Beijing,1989
ACZ53956,A,swine,Jilin,2007
ACV42106,A,swine,Oklahoma,2007
ADG85794,A,swine,Minnesota,2010
ACU44038,A,-,Kentucky,2009
AAX56590,A,-,New York,2002
AEQ61347,A,swine,Jiangsu,2011
ADF83650,A,-,Vietnam,2008
AGG53088,A,swine,Thailand,2010
AFV31487,A,swine,Vladimir,2009
ABB04928,A,-,Hong Kong,1975
ADC45659,A,-,Hokkaido,2007
AEQ61437,A,swine,Jiangsu,2010
AGU69969,A,swine,Illinois,2013
ABO52280,A,-,Malaya,1954
AFH76964,A,swine,Illinois,2011
AIB06082,A,swine,North Carolina,2014
AGO17883,A,avian,Hong Kong,1997
AEA29580,A,swine,SK,2009
ACB36678,A,giant anteater,Tennessee,2007
AFG72173,A,-,Amsterdam,1992
AFM09320,A,avian,Alaska,2007
ADJ80234,A,swine,Sweden,2010
ADW10721,A,-,Boston,2009
BAL61225,A,avian,EastKalimantan,2010
BAI83395,A,swine,Ratchaburi,2008
ABB20141,A,avian,Brazil,1990
AHN96530,A,avian,Wisconsin,2013
BAI83396,A,swine,Ratchaburi,2008
ABB87366,A,avian,DE,1988
ADR51662,A,swine,Italy,1999
ACF41933,A,-,Texas,1991
AGA19235,A,swine,Neumarkt,2011
AHN97322,A,avian,Wisconsin,2013
AHW46830,A,swine,Indiana,2014
AHF20402,A,-,Cambodia,2013
ADR51669,A,swine,Italy,2008
ADR51668,A,swine,Italy,2009
ACF41834,A,-,Puerto Rico,1934
AHB22579,A,swine,Nebraska,2003
ABI85011,A,avian,Italy,2000
ACN90987,A,swine,Tainan,2003
CAP45718,A,avian,Slovenia,2006
AIC73827,A,-,New York,2014
ADF58349,A,-,Germany-BY,2009
AHB23664,A,swine,North Carolina,2005
AHM24205,A,avian,Germany,2010
AFM47137,A,swine,Illinois,2011
AEK85773,A,avian,Henan,2009
AAP60037,A,-,Memphis,1996
ABB87844,A,avian,Alberta,1993
AFP36183,A,swine,Hungary,2011
BAF03627,A,avian,Miyagi,1977
AGZ61154,A,-,Missouri,2013
AHM98204,A,avian,California,2013
AFR76396,A,swine,England,1997
AFR76471,A,swine,England,1997
AGZ62388,A,swine,North Carolina,2013
AAY28395,A,-,New York,2003
AEK50870,A,avian,California,2009
ADO65971,A,swine,Argentina,2010
ACU44361,A,-,Arizona,2009
AHB22687,A,swine,North Carolina,2004
AEV40282,A,avian,Hebei,2009
ADM23842,A,-,Alagoas,2010
AGZ60571,A,-,Maine,2012
BAK41887,A,swine,Binh Duong,2010
ACV91043,A,avian,Minnesota,2006
AIA66731,A,swine,Missouri,2014
AAP34322,A,-,Texas,1991
AGI02406,A,swine,Iowa,2013
ADT78908,A,-,Netherlands,1953
AFH00461,A,-,Hong Kong,1996
AGA19305,A,swine,Ebbinghof,2011
AFG99402,A,-,Victoria,1989
AFR76498,A,swine,England,2008
ACF93481,A,avian,Haryana,2003
ACF93486,A,avian,Guangdong,2007
ACF93484,A,avian,Gujarat,2004
BAO56967,A,avian,Vietnam,2013
ACR48872,A,-,Indonesia,2005
AGL04595,A,-,Texas,2012
ACR56228,A,avian,Egypt,2008
ABI84849,A,avian,Pennsylvania,2002
AGL60823,A,avian,New Jersey,2009
AGM53498,A,swine,Winconsin,2009
ADG08308,A,swine,Hong Kong,2009
AHN03147,A,avian,Wisconsin,1979
AFM72186,A,-,South Africa,1996
AFR76123,A,swine,England,2002
AGH30710,A,swine,Minnesota,2013
AGM53491,A,swine,North Carolina,2007
AHY95115,A,avian,Hebei,2010
AAC54380,A,-,turkey,1963
AGK24463,A,swine,Iowa,2013
AIC73749,A,-,Colorado,2014
AFD64223,A,-,Fujian,2002
ACX36501,A,-,Singapore,2009
ADT64317,A,swine,Jangsu,2010
AGZ61736,A,-,Texas,2009
AEQ72820,A,avian,Egypt,2010
AHB22532,A,swine,Saskatchewan,2011
AEJ82788,A,-,Taiwan,2011
ACF22148,A,-,Yucatan,2003
AFM46659,A,swine,Nebraska,2011
AHZ38875,A,avian,Sweden,2002
ADP05204,A,swine,Iowa,2009
BAK23275,A,swine,Niigata,2004
AFM46654,A,swine,Iowa,2011
ADP05208,A,swine,North Carolina,2009
AFJ13347,A,avian,New Jersey,1986
AFV53271,A,-,ITS,1957
CCH23216,A,avian,Netherlands,1999
AIB06070,A,swine,North Carolina,2014
ADY71787,A,swine,Hong Kong,2009
ACU43765,A,-,Texas,2008
AEO52326,A,avian,Zhejiang,2011
AHY84466,A,-,Uganda,2011
AFU08860,A,swine,Iowa,2012
AFU09064,A,swine,Italy,2011
AGW25699,A,avian,Thailand,2010
ABQ11257,A,avian,Thailand,2005
ABI84602,A,avian,Minnesota,1980
AEW25528,A,-,Zhejiang,2009
ABF21269,A,-,Beijing,1989
ACR39190,A,swine,Groitzsch,2007
ACE77944,A,swine,Korea,2007
AHN97094,A,avian,Ohio,2013
AHY20744,A,avian,Bhutan,2012
AFM93986,A,swine,Minnesota,2012
AFL56787,A,swine,Minnesota,2009
ADG85225,A,swine,NC,2010
AGN69593,A,swine,Illinois,2013
ADX31845,A,swine,England,2010
CAB95856,A,-,Hong Kong,1999
AGL96912,A,swine,Italy,2012
AAY52493,A,avian,Fujian,2000
ADJ41816,A,-,Philippines,1982
ACX31993,A,avian,Egypt,2009
ACT15320,A,-,Egypt,2009
AGO59894,A,swine,South Dakota,2013
ADM23851,A,-,Bahia,2010
AHB22225,A,swine,Manitoba,2011
ADY71438,A,swine,Hong Kong,2006
ADG21416,A,-,Egypt,2009
AEA29582,A,swine,MB,2009
AHY95100,A,swine,Nebraska,2014
AFR76145,A,swine,England,1993
AEX30611,A,avian,Sheny,2008
AEA92634,A,-,South Dakota,2008
AHA57090,A,swine,Minnesota,2013
AFG72350,A,-,Netherlands,1993
AFM09428,A,avian,Alaska,2006
ADB89281,A,-,California,2009
AFU08944,A,swine,Minnesota,2012
ADM85846,A,avian,Egypt,2010
AGO17847,A,-,Hong Kong,2009
ABY79833,A,avian,Egypt,2007
AEK49444,A,avian,California,2008
AGW83306,A,swine,Illinois,2013
AGI54182,A,-,Tennessee,2009
ABD59849,A,-,Taiwan,1999
ACF47464,A,avian,California,2007
ABI36450,A,-,Indonesia,2006
AFI44353,A,avian,Egypt,2012
AGT18721,A,-,Kenya,2013
ACD12274,A,avian,Thailand,2006
ABO32981,A,-,Lackland,1978
AGB98777,A,swine,Ohio,2009
ABU99094,A,avian,West Java,2006
