AAA43090,A,-,Berlin,1964
AAA43117,A,-,duck,1972
AAA43185,A,-,Japan,1957
AAA43205,A,avian,Ontario,1966
AAA43243,A,avian,Hong Kong,1978
AAA43247,A,-,Korea,1968
AAA43248,A,-,Krasnodar,1959
AAA43578,A,avian,Ontario,1976
AAA43678,A,-,Singapore,1957
AAA72339,A,swine,Nebraska,1992
AAA92280,A,-,WS,1933
AAC54377,A,-,chicken,1979
AAC54378,A,-,tern,1961
AAC54380,A,-,turkey,1963
AAC59602,A,-,Vienna,1996
AAD05216,A,swine,England,1994
AAD05217,A,swine,England,1995
AAD05218,A,swine,England,1996
AAD17229,A,-,South Carolina,1918
AAD25309,A,swine,Netherlands,1980
AAD25312,A,swine,Netherlands,1985
AAD26938,A,avian,NY,1998
AAF87283,A,swine,Wisconsin,1998
AAF87284,A,swine,Wisconsin,1998
AAG10650,A,avian,Pakistan,1995
AAG10670,A,avian,Northern Ireland,1998
AAK70452,A,-,Hong Kong,1998
AAK70454,A,-,Hong Kong,1998
AAK70456,A,-,Hong Kong,1998
AAK71687,A,avian,MO,1999
AAL29715,A,swine,MN,2001
AAL87867,A,swine,North Carolina,2001
AAL87868,A,swine,Minnesota,2000
AAM75158,A,-,Puerto Rico,-
AAO65612,A,avian,NC,2001
AAP34322,A,-,Texas,1991
AAP60037,A,-,Memphis,1996
AAP71989,A,avian,MN,1998
AAR02640,A,-,Netherlands,2003
AAS07023,A,avian,England,1973
AAT08004,A,-,turkey,1969
AAT12704,A,swine,Pingtung,2002
AAU25851,A,swine,Saskatchewan,2002
AAU25861,A,swine,Ontario,2001
AAV30828,A,swine,Fujian,2003
AAV80798,A,avian,Minnesota,2003
AAW29080,A,avian,Eshkol,2003
AAW78047,A,avian,Korea,2003
AAW80717,A,-,Viet Nam,2004
AAX35871,A,-,New York,2002
AAX47525,A,-,New York,2002
AAX56590,A,-,New York,2002
AAX57924,A,-,New York,2000
AAY28395,A,-,New York,2003
AAY46201,A,swine,Inner Mongolia,2001
AAY52493,A,avian,Fujian,2000
AAY52504,A,avian,Heilongjiang,2000
AAY52507,A,avian,Henan,2002
AAY52517,A,avian,Shijiazhuang,1998
AAZ32951,A,-,Moscow,2003
ABA08508,A,-,New York,2003
ABA27440,A,swine,IN,2004
ABA43336,A,-,Memphis,1990
ABA46957,A,swine,Minnesota,2004
ABB03134,A,-,New York,2003
ABB04906,A,-,Hong Kong,1992
ABB04928,A,-,Hong Kong,1975
ABB18025,A,avian,Alberta,1996
ABB20141,A,avian,Brazil,1990
ABB46392,A,-,Beijing,1975
ABB51963,A,-,Taiwan,2004
ABB79957,A,-,Nanchang,1994
ABB80023,A,-,Hong Kong,1972
ABB80672,A,-,New York,1998
ABB82216,A,-,New York,2002
ABB86946,A,swine,Ontario,2004
ABB87366,A,avian,DE,1988
ABB87844,A,avian,Alberta,1993
ABB87886,A,avian,Delaware Bay,1987
ABB88369,A,avian,Ukraine,1963
ABB96363,A,-,Memphis,1976
ABB96520,A,-,Nanjing,1977
ABC69150,A,avian,Hebei,2002
ABC72655,A,-,Thailand,2005
ABD15258,A,-,Denver,1957
ABD15746,A,-,Canterbury,2000
ABD16718,A,-,Memphis,1986
ABD28181,A,-,Anhui,2005
ABD28182,A,-,Guangxi,2005
ABD59847,A,-,Taiwan,1996
ABD59848,A,-,TW,1997
ABD59849,A,-,Taiwan,1999
ABD59853,A,-,TW,2003
ABD60955,A,-,Texas,1991
ABD61249,A,swine,Wisconsin,1980
ABD61735,A,-,Fort Warren,1950
ABD62843,A,-,Bellamy,1942
ABD73284,A,avian,Turkey,2005
ABD79101,A,-,Weiss,1943
ABD79112,A,-,Cameron,1946
ABD85122,A,swine,Taiwan,2004
ABD95031,A,-,Canterbury,2000
ABE68927,A,avian,Qinghai,2005
ABE73115,A,-,Moscow,1999
ABF17959,A,avian,Ontario,2005
ABF21269,A,-,Beijing,1989
ABF21276,A,-,Texas,1991
ABF21278,A,-,Wilson-Smith,1933
ABF60578,A,avian,New York,1978
ABG34254,A,swine,Korea,2005
ABG37230,A,-,New York,1994
ABG48181,A,-,Waikato,2002
ABG67978,A,avian,Laos,2006
ABG80073,A,-,New York,1994
ABG88531,A,-,New York,1994
ABI20826,A,-,Hickox,1940
ABI20870,A,-,New York,1995
ABI20958,A,-,New York,1994
ABI21519,A,-,Nanchang,1996
ABI36450,A,-,Indonesia,2006
ABI54388,A,swine,Korea,2006
ABI84450,A,avian,Delaware,1986
ABI84495,A,avian,New Zealand,1984
ABI84588,A,avian,Germany,1973
ABI84602,A,avian,Minnesota,1980
ABI84849,A,avian,Pennsylvania,2002
ABI85000,A,-,Canada,2004
ABI85011,A,avian,Italy,2000
ABI94581,A,avian,Netherlands,2003
ABI95261,A,-,Nanchang,1996
ABJ16565,A,avian,Maryland,2002
ABJ16785,A,-,South Australia,2000
ABJ51739,A,avian,Viet Nam,2005
ABK00132,A,swine,Anhui,2004
ABK34764,A,avian,Shanxi,2006
ABK57092,A,-,Philippines,2004
ABK57093,A,-,Thailand,2005
ABM21877,A,avian,Dubai,2000
ABN51066,A,-,Memphis,1996
ABO32981,A,-,Lackland,1978
ABO32992,A,-,Lackland,1978
ABO38098,A,-,Albany,1958
ABO38340,A,-,Chile,1983
ABO38351,A,-,Henry,1936
ABO38362,A,-,India,1980
ABO38373,A,-,Iowa,1943
ABO38384,A,-,Phila,1935
ABO38701,A,-,Albany,1967
ABO44057,A,-,Albany,1967
ABO52071,A,-,Waikato,2004
ABO52247,A,-,Albany,1968
ABO52280,A,-,Malaya,1954
ABP49327,A,-,AA,1945
ABP49481,A,-,Albany,1951
ABP51975,A,-,Hong Kong,2003
ABQ01355,A,-,Albany,1960
ABQ11257,A,avian,Thailand,2005
ABQ42444,A,swine,Guangxi,2006
ABQ57239,A,-,swine,-
ABQ97200,A,-,Hong Kong,1968
ABQ97202,A,swine,Leipzig,1992
ABR37440,A,emu,New South Wales,1997
ABS00315,A,swine,Henan,2006
ABS50053,A,-,Auckland,2001
ABS50795,A,avian,Israel,2005
ABS53363,A,swine,Cloppenburg,2005
ABS53372,A,swine,Bakum,2000
ABS71668,A,-,Thailand,2006
ABS71672,A,-,Thailand,2006
ABS89365,A,-,chicken,1976
ABU80265,A,swine,Tennessee,1978
ABU92710,A,-,Denmark,2004
ABU99094,A,avian,West Java,2006
ABU99104,A,avian,Vietnam,2005
ABU99195,A,avian,West Java,2006
ABV31843,A,avian,Guangxi,2005
ABW21667,A,avian,Huadong,2005
ABW36333,A,swine,Ontario,1981
ABW39883,A,-,Texas,2007
ABW40114,A,-,New York,2007
ABW80976,A,-,New York,2001
ABW81507,A,-,Denmark,2001
ABW81532,A,-,Denmark,2003
ABW91526,A,-,Kentucky,2007
ABW94127,A,avian,Maryland,2002
ABX10497,A,avian,Hebei,2005
ABY40410,A,swine,Saraburi,2005
ABY79833,A,avian,Egypt,2007
ABY81426,A,swine,Iowa,1986
ABY81821,A,swine,Korea,2004
ABY81829,A,avian,Korea,2005
ACA04574,A,avian,Western Australia,1984
ACA28846,A,-,Brisbane,2007
ACA33674,A,-,Delaware,2007
ACA33732,A,-,Texas,2007
ACA33752,A,-,Minnesota,2007
ACA50026,A,avian,Iran,2007
ACA50030,A,avian,Iran,1999
ACB11782,A,-,New Mexico,2008
ACB11812,A,-,Hawaii,2007
ACB36678,A,giant anteater,Tennessee,2007
ACB70647,A,avian,Vietnam,2007
ACD12172,A,avian,Hong Kong,1979
ACD12274,A,avian,Thailand,2006
ACD35865,A,avian,Minnesota,2005
ACD35872,A,avian,North Carolina,2005
ACD56302,A,-,North Carolina,1968
ACD56313,A,-,Korea,1968
ACD56324,A,-,Moscow,1965
ACD85198,A,-,Potsdam,1965
ACD88648,A,avian,North Carolina,2005
ACE77927,A,swine,Korea,2004
ACE77933,A,swine,Korea,2006
ACE77937,A,swine,Korea,2007
ACE77938,A,swine,Korea,2004
ACE77939,A,swine,Korea,2005
ACE77942,A,swine,Korea,2007
ACE77944,A,swine,Korea,2007
ACE77946,A,swine,Korea,2007
ACF20226,A,avian,California,1999
ACF22148,A,-,Yucatan,2003
ACF24987,A,avian,Minnesota,1999
ACF25543,A,avian,Minnesota,2005
ACF25596,A,avian,IA,1992
ACF25627,A,emu,NY,1994
ACF25679,A,avian,Minnesota,1987
ACF36262,A,-,Hong Kong,2000
ACF36396,A,-,Hong Kong,2001
ACF36398,A,-,Hong Kong,2001
ACF36458,A,-,Hong Kong,2005
ACF41834,A,-,Puerto Rico,1934
ACF41900,A,-,New York,2004
ACF41933,A,-,Texas,1991
ACF47409,A,avian,California,2007
ACF47420,A,avian,California,2007
ACF47464,A,avian,California,2007
ACF54389,A,-,Georgia,1967
ACF54565,A,-,Wyoming,2003
ACF74233,A,avian,California,2007
ACF74243,A,avian,California,2007
ACF93481,A,avian,Haryana,2003
ACF93484,A,avian,Gujarat,2004
ACF93486,A,avian,Guangdong,2007
ACH95448,A,avian,Henan,2001
ACH95456,A,avian,Fujian,2002
ACH95660,A,swine,Anhui,2006
ACI06178,A,-,Cambodia,2007
ACI26560,A,-,Siena,1990
ACI26571,A,-,Siena,1990
ACI26593,A,-,Siena,1991
ACI32741,A,-,Baden-Wuerttemberg,2003
ACI41126,A,avian,Nakornsawan,2005
ACI45446,A,-,Cambodia,2007
ACJ26341,A,avian,Hong Kong,2008
ACJ26374,A,avian,Hong Kong,2008
ACJ73766,A,-,Texas,2008
ACK99476,A,-,Siena,1997
ACL79904,A,swine,Minnesota,2007
ACL80025,A,rhea,North Carolina,1993
ACM17265,A,swine,NC,2005
ACM51329,A,-,South Carolina,2008
ACM80372,A,swine,Thailand,2005
ACN33090,A,-,Ohio,2007
ACN39410,A,avian,Anhui,2007
ACN67524,A,swine,Belgium,1998
ACN90987,A,swine,Tainan,2003
ACN90994,A,swine,Pingtung,1999
ACO07033,A,avian,Vietnam,2008
ACO07038,A,avian,Vietnam,2008
ACO07043,A,avian,Vietnam,2008
ACO07051,A,swine,Tainan,2005
ACO95226,A,-,Hong Kong,2005
ACO95270,A,-,Brisbane,2007
ACQ65691,A,-,Taiwan,2007
ACR26715,A,swine,North Carolina,2003
ACR39190,A,swine,Groitzsch,2007
ACR48872,A,-,Indonesia,2005
ACR49193,A,avian,East Java,2006
ACR56228,A,avian,Egypt,2008
ACR81633,A,-,Paris,2009
ACS71656,A,-,Mexico,2009
ACS78026,A,-,New York,2009
ACT15320,A,-,Egypt,2009
ACT15355,A,-,Egypt,2009
ACT20893,A,avian,Tyva,2009
ACT21466,A,-,New York,1998
ACT33159,A,swine,Alberta,2009
ACT67801,A,-,New Hampshire,2009
ACT97067,A,swine,Tianjin,2004
ACU12494,A,-,Siena,1991
ACU13094,A,-,Texas,2009
ACU43765,A,-,Texas,2008
ACU44038,A,-,Kentucky,2009
ACU44361,A,-,Arizona,2009
ACU44395,A,-,Wisconsin,2009
ACU44406,A,-,Minnesota,2009
ACU46644,A,-,Thailand,2006
ACU46717,A,swine,Guangdong,2002
ACU80014,A,-,New Jersey,1976
ACU82395,A,swine,Sweden,2009
ACV42073,A,swine,Oklahoma,2009
ACV42106,A,swine,Oklahoma,2007
ACV49556,A,-,Melbourne,1946
ACV49600,A,-,Japan,1957
ACV70734,A,-,Wisconsin,2009
ACV90543,A,avian,New York,2007
ACV90903,A,avian,Montana,2006
ACV91043,A,avian,Minnesota,2006
ACX31973,A,avian,Egypt,2009
ACX31981,A,avian,Egypt,2009
ACX31993,A,avian,Egypt,2009
ACX36501,A,-,Singapore,2009
ACX48061,A,swine,Bavaria,2007
ACY06456,A,swine,Fujian,2007
ACY06458,A,swine,Shandong,2007
ACY06459,A,swine,Guangdong,2006
ACY06623,A,swine,Hubei,2009
ACY25797,A,avian,Iran,2007
ACY25801,A,avian,Iran,2007
ACY25803,A,avian,Iran,2007
ACY67022,A,swine,Iowa,2003
ACY80644,A,avian,NV,2006
ACZ05568,A,-,New York,2009
ACZ16520,A,-,Wisconsin,2009
ACZ48510,A,avian,Viet Nam,2001
ACZ48594,A,avian,Pakistan,2004
ACZ48608,A,avian,Italy,1999
ACZ53956,A,swine,Jilin,2007
ACZ53978,A,swine,Jilin,2008
ACZ58384,A,avian,Crimea,2008
ACZ61118,A,-,Parana,2009
ACZ81556,A,-,Thailand,2009
ACZ96889,A,-,Brownsville,2009
ADA83043,A,-,Novgorod,2009
ADB81439,A,-,Russia,2009
ADB82656,A,swine,Thailand,2009
ADB89281,A,-,California,2009
ADC29463,A,avian,Korea,2004
ADC45659,A,-,Hokkaido,2007
ADC45670,A,-,Hyogo,2007
ADC45813,A,-,Kyoto,2009
ADC97015,A,avian,Shandong,2008
ADD10558,A,avian,Eastern China,2008
ADD21428,A,swine,Indonesia,2004
ADD21467,A,swine,Fujian,2008
ADD21560,A,-,Kansas,2009
ADD23162,A,-,San Diego,2009
ADD96936,A,-,San Diego,2009
ADE75148,A,avian,Sweden,2002
ADF58349,A,-,Germany-BY,2009
ADF83497,A,swine,Guangdong,2009
ADF83650,A,-,Vietnam,2008
ADG08198,A,swine,Hong Kong,2009
ADG08308,A,swine,Hong Kong,2009
ADG21416,A,-,Egypt,2009
ADG21437,A,-,Egypt,2010
ADG21441,A,-,Egypt,2010
ADG21445,A,-,Egypt,2010
ADG28681,A,avian,Egypt,2008
ADG28683,A,avian,Egypt,2008
ADG59044,A,swine,Guangdong,2010
ADG59049,A,avian,Shandong,2006
ADG59054,A,avian,Liaoning,2007
ADG59055,A,avian,Guizhou,2008
ADG59060,A,avian,Liaoning,2006
ADG59063,A,avian,Tibet,2006
ADG59064,A,avian,Hunan,2007
ADG59067,A,avian,Xinjiang,2006
ADG59070,A,avian,Xinjiang,2005
ADG59089,A,avian,Shanxi,2006
ADG59090,A,avian,Hunan,2004
ADG85225,A,swine,NC,2010
ADG85233,A,swine,IN,2010
ADG85794,A,swine,Minnesota,2010
ADI34060,A,avian,Karachi,2004
ADI34061,A,avian,Chakwal,2004
ADI46319,A,swine,East Java,2007
ADI46320,A,swine,East Java,2007
ADI52834,A,avian,Ontario,2009
ADI52836,A,avian,Ontario,2009
ADI52837,A,avian,Ontario,2009
ADJ18171,A,-,Iran,2009
ADJ38087,A,swine,Iowa,2010
ADJ41816,A,-,Philippines,1982
ADJ80234,A,swine,Sweden,2010
ADK26592,A,swine,Illinois,2010
ADK48778,A,swine,Italy,2010
ADK56450,A,avian,Guangzhou,2005
ADK89127,A,swine,Heilongjiang,2007
ADL32414,A,-,Madrid,2009
ADL64047,A,avian,Chandigarh,2003
ADM23842,A,-,Alagoas,2010
ADM23846,A,-,Alagoas,2010
ADM23847,A,-,Alagoas,2010
ADM23851,A,-,Bahia,2010
ADM33949,A,avian,Bangladesh,2010
ADM85846,A,avian,Egypt,2010
ADM85857,A,avian,Egypt,2010
ADM85867,A,avian,Egypt,2010
ADM95450,A,avian,Cambodia,2007
ADN89270,A,-,California,2009
ADN92778,A,-,Taiwan,2008
ADO14359,A,-,Belgorod,2009
ADO14466,A,avian,Shandong,2008
ADO29901,A,-,Qingdao,2009
ADO29908,A,-,Qingdao,2010
ADO34927,A,swine,Missouri,2009
ADO65971,A,swine,Argentina,2010
ADP05197,A,avian,Fujian,2007
ADP05204,A,swine,Iowa,2009
ADP05208,A,swine,North Carolina,2009
ADP69273,A,avian,Emirates,2002
ADQ92582,A,avian,Delaware,2007
ADR01746,A,swine,Italy,2010
ADR51661,A,swine,Italy,2002
ADR51662,A,swine,Italy,1999
ADR51668,A,swine,Italy,2009
ADR51669,A,swine,Italy,2008
ADT64317,A,swine,Jangsu,2010
ADT64860,A,avian,Victoria,1981
ADT64868,A,avian,Victoria,1981
ADT78908,A,-,Netherlands,1953
ADT78936,A,-,Netherlands,1951
ADT78961,A,-,Netherlands,1960
ADT79030,A,-,Netherlands,1982
ADT79129,A,-,Nijmegen,1959
ADT79161,A,swine,Italy,1981
ADU25478,A,-,Switzerland,2010
ADU53614,A,avian,Interior Alaska,2008
ADU85891,A,swine,Italy,2009
ADU85893,A,swine,Italy,2009
ADU85894,A,swine,Italy,1998
ADV02479,A,swine,KU,2001
ADV19281,A,swine,Guangdong,2010
ADV58875,A,avian,BC,2005
ADV58876,A,avian,QC,2008
ADV58880,A,swine,QC,2009
ADV69078,A,swine,Minnesota,2009
ADV69079,A,swine,North Carolina,2009
ADV69090,A,swine,Minnesota,2009
ADV69091,A,swine,Indiana,2009
ADV69097,A,swine,Iowa,2010
ADV69106,A,swine,Minnesota,2010
ADW01407,A,-,Jiangsu,2011
ADW10721,A,-,Boston,2009
ADW93789,A,swine,Costa Rica,2010
ADX31845,A,swine,England,2010
ADX31858,A,swine,England,2010
ADX96236,A,swine,Hubei,2009
ADY70986,A,swine,Hong Kong,2001
ADY71223,A,swine,Hong Kong,2003
ADY71438,A,swine,Hong Kong,2006
ADY71526,A,swine,Hong Kong,2007
ADY71612,A,swine,Hong Kong,2008
ADY71787,A,swine,Hong Kong,2009
ADY72576,A,swine,Hong Kong,2005
ADY80044,A,swine,Indiana,2010
ADZ05627,A,-,Lyon-CHU,2003
ADZ05628,A,-,Reunion,2004
AEA29580,A,swine,SK,2009
AEA29582,A,swine,MB,2009
AEA29595,A,swine,QC,2009
AEA48985,A,-,Fuzhou,2010
AEA50985,A,-,Bangladesh,2011
AEA73584,A,-,Boston,2009
AEA92634,A,-,South Dakota,2008
AEB80459,A,swine,Thailand,2010
AEF28999,A,swine,OH,2011
AEF33066,A,swine,Illinois,2010
AEF33067,A,swine,North Carolina,2010
AEG64762,A,-,United Kingdom,1933
AEH42785,A,swine,Hubei,2009
AEH59624,A,-,Nanchang,2009
AEI30055,A,swine,Korea,2008
AEI30056,A,swine,Korea,2009
AEI30057,A,swine,Korea,2009
AEJ10440,A,-,Sydney,2010
AEJ82788,A,-,Taiwan,2011
AEJ82792,A,-,Taiwan,2011
AEJ82796,A,-,Taiwan,2011
AEK49444,A,avian,California,2008
AEK49568,A,avian,California,2008
AEK50870,A,avian,California,2009
AEK79815,A,avian,Viet Nam,2008
AEK85773,A,avian,Henan,2009
AEK86047,A,swine,Guangdong,2010
AEK86048,A,swine,Guangdong,2010
AEL89681,A,-,Bangkok,2010
AEM63475,A,-,Kol,2009
AEM63482,A,-,Blore,2009
AEM63500,A,-,Lur,2010
AEM75239,A,avian,Wisconsin,2009
AEM75431,A,avian,Mississippi,2010
AEM75523,A,avian,Wisconsin,2009
AEN02518,A,avian,Fujian,2011
AEN55513,A,-,Bangkok,2010
AEN68575,A,swine,Italy,2010
AEN68577,A,swine,Italy,2010
AEN68581,A,swine,Italy,2010
AEN68619,A,avian,Israel,2011
AEN68938,A,-,Cambodia,2011
AEN68939,A,avian,Cambodia,2008
AEN94603,A,avian,Lao,2010
AEN94876,A,swine,North Carolina,2005
AEN94886,A,swine,North Carolina,2002
AEN95123,A,-,duck,2001
AEO01499,A,-,England,2009
AEO01598,A,-,England,2009
AEO01612,A,-,England,2009
AEO01709,A,-,Mexico,2008
AEO52326,A,avian,Zhejiang,2011
AEO89145,A,-,Xinjiang,2009
AEO89163,A,-,Guangxi,2009
AEO89172,A,-,Hunan,2009
AEO91779,A,swine,North Carolina,2005
AEO91855,A,swine,Minnesota,2008
AEP17073,A,swine,Iowa,2011
AEP17078,A,swine,Illinois,2011
AEP17277,A,swine,Iowa,2011
AEP17308,A,avian,Ontario,2011
AEP32455,A,-,Thailand,2009
AEP71333,A,avian,Egypt,2009
AEP84526,A,avian,Egypt,2011
AEQ38190,A,-,Hong Kong,2009
AEQ38195,A,-,Hong Kong,2009
AEQ61287,A,swine,Jiangsu,2011
AEQ61347,A,swine,Jiangsu,2011
AEQ61437,A,swine,Jiangsu,2010
AEQ72820,A,avian,Egypt,2010
AEQ72868,A,avian,Egypt,2011
AEQ72881,A,avian,Egypt,2011
AEQ72884,A,avian,Egypt,2011
AEQ72889,A,avian,Egypt,2011
AET11800,A,avian,Sanjiang,2007
AET74962,A,avian,Delaware,1988
AET75834,A,avian,Delaware Bay,1994
AET76679,A,avian,Delaware Bay,1999
AET76690,A,avian,Delaware Bay,1999
AET77176,A,avian,Delaware Bay,2003
AET77666,A,avian,Alberta,2006
AET80429,A,avian,Vietnam,2011
AET84295,A,-,Nevada,2009
AEU05027,A,-,Indiana,2011
AEV40002,A,-,Shenzhen,2009
AEV40049,A,-,Shenzhen,2009
AEV40056,A,-,Shenzhen,2009
AEV40282,A,avian,Hebei,2009
AEW25367,A,-,Zhejiang,2009
AEW25528,A,-,Zhejiang,2009
AEW25590,A,-,Zhejiang,2009
AEW31134,A,-,Minnesota,2011
AEX30517,A,swine,Shepparton,2009
AEX30519,A,swine,Henan,2010
AEX30540,A,swine,Hong Kong,2011
AEX30611,A,avian,Sheny,2008
AEX33924,A,-,HaNoi,2006
AEX34650,A,-,HaNoi,2005
AEX34768,A,-,TayNguyen,2006
AEX35120,A,-,HaNoi,2008
AEX35428,A,-,HaNoi,2004
AEX38474,A,-,Wisconsin,2011
AEX63617,A,swine,Jiangsu,2011
AEY75592,A,avian,Malaysia,1997
AEZ01103,A,-,Hangzhou,2011
AEZ01107,A,-,Hangzhou,2011
AEZ02122,A,swine,North Carolina,2009
AEZ54197,A,swine,Iowa,2011
AFA51661,A,avian,Egypt,2011
AFB18647,A,-,whooper swan,2011
AFB70317,A,-,Argentina,2009
AFB77618,A,-,Kenya,2011
AFC18325,A,avian,England,2010
AFC98271,A,swine,North Carolina,2010
AFC98273,A,swine,North Carolina,2011
AFD32574,A,swine,Indiana,2010
AFD64223,A,-,Fujian,2002
AFE02952,A,-,Taiwan,2011
AFE48437,A,avian,Taiwan,2005
AFF57124,A,-,Gyeonggi,2010
AFG71942,A,-,Hong Kong,1971
AFG71953,A,-,Bilthoven,1972
AFG71996,A,-,Bilthoven,1974
AFG72085,A,-,Sichuan,1987
AFG72096,A,-,Beijing,1989
AFG72173,A,-,Amsterdam,1992
AFG72350,A,-,Netherlands,1993
AFG72735,A,-,Oslo,1997
AFG72823,A,-,Fujian,2002
AFG98830,A,-,Bilthoven,1971
AFG98863,A,-,England,1972
AFG98940,A,-,Bilthoven,1974
AFG99006,A,-,Bilthoven,1976
AFG99094,A,-,Rotterdam,1977
AFG99138,A,-,Bilthoven,1982
AFG99237,A,-,Colorado,1986
AFG99248,A,-,Shanghai,1987
AFG99347,A,-,Netherlands,1989
AFG99402,A,-,Victoria,1989
AFG99501,A,-,Canberra,1991
AFH00065,A,-,Akita,1993
AFH00076,A,-,Enschede,1993
AFH00098,A,-,Lyon,1993
AFH00263,A,-,Scotland,1993
AFH00329,A,-,Hong Kong,1994
AFH00461,A,-,Hong Kong,1996
AFH00494,A,-,Hong Kong,1996
AFH00725,A,-,Netherlands,1982
AFH53677,A,swine,Minnesota,2011
AFH53725,A,swine,Illinois,2010
AFH53736,A,swine,Illinois,2010
AFH76959,A,swine,Minnesota,2011
AFH76964,A,swine,Illinois,2011
AFH76980,A,swine,Missouri,2010
AFH76985,A,swine,Illinois,2010
AFI44342,A,avian,Egypt,2011
AFI44353,A,avian,Egypt,2012
AFI44374,A,swine,Illinois,2011
AFI62127,A,swine,Kansas,2009
AFI62138,A,swine,Minnesota,2011
AFI62139,A,swine,Minnesota,2011
AFI62151,A,swine,Minnesota,2011
AFI62154,A,swine,North Carolina,2010
AFI73231,A,avian,Egypt,2012
AFI73232,A,avian,Egypt,2011
AFJ12607,A,avian,Hong Kong,1978
AFJ13347,A,avian,New Jersey,1986
AFJ13380,A,avian,Delaware Bay,1986
AFJ13424,A,avian,Delaware Bay,1993
AFJ18989,A,avian,Yangon,2010
AFJ19065,A,swine,Ohio,2011
AFJ69901,A,avian,Vietnam,2007
AFJ74842,A,-,Malaysia,2004
AFJ76186,A,-,Malaysia,2009
AFJ77517,A,-,Malaysia,1999
AFJ77891,A,-,Malaysia,2004
AFJ78364,A,-,Malaysia,1997
AFJ78661,A,-,Malaysia,2009
AFK13944,A,avian,Guangdong,2010
AFL56787,A,swine,Minnesota,2009
AFL56810,A,swine,Oklahoma,2011
AFM08869,A,avian,South Africa,2011
AFM08891,A,avian,South Africa,2011
AFM09320,A,avian,Alaska,2007
AFM09428,A,avian,Alaska,2006
AFM46517,A,swine,Iowa,2010
AFM46518,A,swine,Iowa,2010
AFM46519,A,swine,Iowa,2010
AFM46633,A,swine,Iowa,2011
AFM46639,A,swine,Iowa,2011
AFM46642,A,swine,Iowa,2011
AFM46643,A,swine,Oklahoma,2011
AFM46654,A,swine,Iowa,2011
AFM46659,A,swine,Nebraska,2011
AFM46668,A,swine,Mississippi,2011
AFM46839,A,swine,Iowa,2011
AFM46852,A,swine,Iowa,2011
AFM46856,A,swine,Iowa,2011
AFM46999,A,swine,Iowa,2011
AFM47137,A,swine,Illinois,2011
AFM47165,A,swine,Guangdong,2011
AFM68954,A,-,NWS,1934
AFM71731,A,-,Beijing,1989
AFM72098,A,-,Sichuan,1987
AFM72186,A,-,South Africa,1996
AFM72257,A,-,Ulan Ude,2000
AFM72312,A,-,Fujian,2003
AFM72356,A,-,Wellington,2004
AFM78578,A,ferret,Indonesia,2005
AFM93978,A,swine,South Dakota,2012
AFM93986,A,swine,Minnesota,2012
AFN06490,A,swine,Zhejiang,2008
AFN18875,A,-,Singapore,2009
AFN66856,A,swine,Oklahoma,2012
AFO64802,A,-,Nanchang,1999
AFO64835,A,-,Wellington,1992
AFO64868,A,-,Shanghai,1996
AFO65016,A,-,Ostrava,1998
AFO66147,A,-,Chile,2000
AFO83000,A,swine,Iowa,2012
AFO83274,A,avian,Hungary,2001
AFO83280,A,avian,Nepal,2010
AFO83294,A,avian,Saudi Arabia,2011
AFO83295,A,avian,United Arab Emirates,2011
AFP36088,A,swine,Minnesota,2012
AFP36183,A,swine,Hungary,2011
AFP83236,A,swine,Guangdong,2010
AFP99689,A,swine,Ohio,2012
AFQ34707,A,swine,Mexico,2010
AFQ34729,A,swine,Mexico,2010
AFQ37281,A,swine,Nigeria,2011
AFQ55689,A,-,Mexico,2012
AFQ60210,A,-,Egypt,2012
AFQ90529,A,-,Moscow,1998
AFR42694,A,-,Wuhan,1995
AFR42701,A,swine,Korea,2011
AFR60992,A,avian,Shandong,2011
AFR75836,A,swine,Korea,2009
AFR75854,A,swine,Korea,2009
AFR75881,A,swine,Eire,1996
AFR75892,A,swine,England,2009
AFR75914,A,swine,England,2002
AFR75967,A,swine,England,2005
AFR76123,A,swine,England,2002
AFR76145,A,swine,England,1993
AFR76173,A,swine,England,2009
AFR76227,A,swine,England,2005
AFR76238,A,swine,England,2001
AFR76311,A,swine,England,2006
AFR76344,A,swine,England,2000
AFR76396,A,swine,England,1997
AFR76416,A,swine,England,1995
AFR76471,A,swine,England,1997
AFR76498,A,swine,England,2008
AFR76505,A,swine,Finistere,1982
AFR76539,A,swine,Cotes d'Armor,2002
AFR76623,A,swine,Gent,2005
AFR76696,A,swine,Italy,2001
AFR76707,A,swine,Italy,2005
AFR76739,A,swine,Italy,2006
AFR76783,A,swine,Spain,2002
AFU08580,A,swine,Illinois,2012
AFU08704,A,swine,Illinois,2012
AFU08788,A,swine,Oklahoma,2012
AFU08812,A,swine,Illinois,2012
AFU08816,A,swine,Illinois,2012
AFU08828,A,swine,Illinois,2012
AFU08860,A,swine,Iowa,2012
AFU08884,A,swine,Illinois,2012
AFU08908,A,swine,Nebraska,2012
AFU08944,A,swine,Minnesota,2012
AFU08956,A,swine,Illinois,2011
AFU08988,A,swine,Nebraska,2012
AFU09053,A,swine,Italy,2011
AFU09056,A,swine,Italy,2010
AFU09062,A,swine,Italy,2011
AFU09064,A,swine,Italy,2011
AFU09933,A,swine,Illinois,2012
AFU09985,A,swine,Nebraska,2012
AFU10042,A,swine,Colorado,2012
AFU10043,A,swine,Iowa,2012
AFU10169,A,swine,Illinois,2011
AFU10181,A,swine,Minnesota,2011
AFU10184,A,swine,Minnesota,2010
AFU10229,A,avian,SK,2010
AFU92387,A,swine,Shaanxi,2011
AFV31477,A,swine,South Dakota,2012
AFV31487,A,swine,Vladimir,2009
AFV33742,A,-,Utah,2012
AFV33954,A,swine,Montana,2012
AFV53205,A,-,Montevideo,1967
AFV53260,A,-,Kw,1957
AFV53271,A,-,ITS,1957
AFV53293,A,-,Ned,1963
AFV53314,A,-,Ann Arbor,1960
AFV77715,A,swine,Shaanxi,2012
AFW16001,A,swine,Oklahoma,2012
AFW18314,A,avian,Giza,2008
AFW18325,A,avian,Giza,2009
AFX65229,A,swine,Nanjing,2011
AFX65236,A,swine,Minnesota,2012
AFX65251,A,swine,North Carolina,2012
AFX65259,A,swine,Illinois,2012
AFY08044,A,swine,Illinois,2012
AFZ15807,A,swine,Nebraska,2012
AFZ15893,A,swine,SouthDakota,2012
AFZ15937,A,swine,Indiana,2012
AFZ77460,A,swine,Minnesota,2012
AGA19044,A,swine,Nebraska,2012
AGA19235,A,swine,Neumarkt,2011
AGA19305,A,swine,Ebbinghof,2011
AGA19326,A,swine,Wuerusreuth,2009
AGA19337,A,swine,South Dakota,2012
AGB84799,A,avian,Eastern China,2008
AGB84833,A,swine,Finland,2009
AGB84989,A,swine,Iowa,2012
AGB98447,A,swine,Ohio,2009
AGB98777,A,swine,Ohio,2009
AGC13458,A,swine,Finland,2010
AGC13516,A,swine,Iowa,2012
AGC13633,A,swine,South Dakota,2012
AGC73203,A,avian,Ohio,2011
AGE02663,A,avian,Wisconsin,2010
AGE83982,A,swine,Korea,2011
AGE84002,A,swine,Korea,2011
AGF37648,A,-,Chita,2012
AGF37789,A,swine,Iowa,2012
AGF68987,A,swine,Minnesota,2013
AGF69028,A,avian,United Arab Emirates,2011
AGF69039,A,avian,United Arab Emirates,2011
AGF69050,A,avian,United Arab Emirates,2011
AGF69071,A,swine,South Dakota,2013
AGG12643,A,swine,Ohio,2013
AGG25652,A,avian,Interior Alaska,2010
AGG27706,A,avian,Delaware Bay,2001
AGG27718,A,avian,Delaware Bay,2001
AGG27863,A,avian,Delaware Bay,2001
AGG27899,A,avian,Delaware Bay,2001
AGG53088,A,swine,Thailand,2010
AGG53177,A,swine,Thailand,2012
AGG53443,A,avian,Korea,2010
AGG53498,A,avian,Korea,2009
AGG53738,A,swine,Illinois,2013
AGG82133,A,avian,New Brunswick,2010
AGG83064,A,avian,New Brunswick,2010
AGG86711,A,swine,Illinois,2013
AGG86723,A,avian,China,2011
AGG86729,A,swine,Illinois,2013
AGG86873,A,swine,Heudorf-Messkirch,2011
AGH25309,A,swine,Jiangsu,2008
AGH25310,A,swine,Jiangsu,2009
AGH30710,A,swine,Minnesota,2013
AGH55479,A,avian,India,2008
AGI02344,A,avian,Shandong,2010
AGI02406,A,swine,Iowa,2013
AGI02552,A,swine,Kansas,2012
AGI40726,A,swine,Iowa,2013
AGI41230,A,avian,Shaanxi,2012
AGI41250,A,swine,Illinois,2013
AGI52981,A,-,Tennessee,2009
AGI52989,A,-,Virginia,2009
AGI54182,A,-,Tennessee,2009
AGI55453,A,-,Illinois,2009
AGJ73367,A,-,Alborz,2011
AGJ73386,A,swine,South Dakota,2013
AGK24287,A,swine,Thailand,2009
AGK24317,A,swine,Thailand,2010
AGK24455,A,swine,Illinois,2013
AGK24463,A,swine,Iowa,2013
AGK42156,A,avian,Minnesota,2008
AGK43414,A,avian,Minnesota,2010
AGK43532,A,avian,Minnesota,2008
AGK62683,A,swine,Nebraska,2013
AGK62750,A,swine,Argentina,2011
AGK72773,A,-,Mississippi,2011
AGK73228,A,-,Washington,2011
AGK73290,A,-,California,2011
AGL04214,A,avian,Newfoundland,2011
AGL04307,A,swine,Denmark,1993
AGL04309,A,swine,Denmark,2004
AGL04311,A,swine,Denmark,2005
AGL04315,A,swine,Denmark,2005
AGL04337,A,swine,Denmark,2003
AGL04365,A,swine,Denmark,2003
AGL04595,A,-,Texas,2012
AGL04629,A,-,Illinois,2012
AGL05056,A,-,Texas,2012
AGL06095,A,-,Hawaii,2012
AGL06857,A,-,Texas,2012
AGL07410,A,-,Hawaii,2012
AGL07471,A,swine,France,2013
AGL07472,A,swine,France,2011
AGL07673,A,swine,Minnesota,2013
AGL09786,A,-,New York,2013
AGL09815,A,-,Texas,2013
AGL09881,A,-,Florida,2013
AGL52805,A,avian,Interior Alaska,2010
AGL57025,A,avian,Interior Alaska,2010
AGL57850,A,avian,Delaware,2002
AGL57927,A,avian,Delaware,2003
AGL57968,A,avian,Delaware,2003
AGL58957,A,avian,New Jersey,2008
AGL58994,A,avian,New Jersey,2008
AGL60617,A,avian,New Jersey,2009
AGL60763,A,avian,Delaware,2009
AGL60775,A,avian,New Jersey,2009
AGL60823,A,avian,New Jersey,2009
AGL96912,A,swine,Italy,2012
AGM16027,A,swine,Iowa,2013
AGM16031,A,swine,North Carolina,2013
AGM53491,A,swine,North Carolina,2007
AGM53496,A,swine,Ohio,2007
AGM53498,A,swine,Winconsin,2009
AGN28824,A,swine,Korea,2013
AGN49381,A,avian,Guangxi,2012
AGN69593,A,swine,Illinois,2013
AGN69613,A,swine,North Carolina,2013
AGN69629,A,swine,North Carolina,2013
AGO00313,A,-,Texas,-
AGO00337,A,-,PAL,-
AGO02249,A,avian,Hong Kong,2009
AGO17847,A,-,Hong Kong,2009
AGO17883,A,avian,Hong Kong,1997
AGO17946,A,avian,Hong Kong,2011
AGO51411,A,swine,Wyoming,2013
AGO51415,A,swine,Minnesota,2013
AGO59894,A,swine,South Dakota,2013
AGO86678,A,swine,Minnesota,2013
AGO87255,A,avian,Hunan,2011
AGQ47740,A,-,BH,1935
AGQ47776,A,-,Cameron,1946
AGQ47835,A,-,Georgia,-
AGQ88476,A,swine,Iowa,2013
AGR45141,A,swine,Italy,2011
AGR45144,A,swine,Italy,2011
AGR45311,A,swine,Nebraska,2013
AGS08781,A,swine,South Dakota,2013
AGS08785,A,swine,Minnesota,2013
AGS08997,A,swine,Korea,2012
AGS41692,A,swine,Illinois,2013
AGS48846,A,swine,Illinois,2013
AGT18720,A,-,Kenya,2013
AGT18721,A,-,Kenya,2013
AGT18723,A,-,Kenya,2012
AGT18724,A,-,Kenya,2013
AGT18748,A,-,Kenya,2012
AGT37102,A,swine,Denmark,2012
AGU69932,A,-,Singapore,2007
AGU69969,A,swine,Illinois,2013
AGU92777,A,-,Georgia,2012
AGW25699,A,avian,Thailand,2010
AGW27061,A,avian,Hong Kong,2011
AGW43288,A,avian,Iceland,2011
AGW43444,A,avian,Iceland,2011
AGW44014,A,avian,Canada,2011
AGW83306,A,swine,Illinois,2013
AGW83314,A,swine,Illinois,2013
AGX00864,A,avian,Ningxia,2012
AGX00886,A,swine,Illinois,2013
AGY14270,A,avian,Hunan,2011
AGY14421,A,swine,Illinois,2013
AGY79889,A,avian,California,2012
AGY80411,A,avian,California,2012
AGZ60429,A,-,New Hampshire,2012
AGZ60571,A,-,Maine,2012
AGZ61154,A,-,Missouri,2013
AGZ61178,A,-,Arkansas,2013
AGZ61211,A,-,Oklahoma,2012
AGZ61248,A,-,Florida,2012
AGZ61259,A,-,Colorado,2012
AGZ61263,A,-,Mississippi,2012
AGZ61736,A,-,Texas,2009
AGZ62339,A,swine,Illinois,2013
AGZ62363,A,swine,Illinois,2013
AGZ62388,A,swine,North Carolina,2013
AGZ62396,A,swine,Iowa,2013
AGZ62404,A,swine,Illinois,2013
AHA11511,A,swine,Minnesota,2013
AHA38263,A,swine,Indiana,2010
AHA38580,A,-,Tambov,2013
AHA57090,A,swine,Minnesota,2013
AHA57131,A,swine,Nebraska,2013
AHA57151,A,swine,Illinois,2013
AHA57155,A,swine,Illinois,2013
AHA98453,A,-,Helsinki,2013
AHA98464,A,-,Helsinki,2013
AHB20856,A,swine,Tennessee,2004
AHB20931,A,swine,Oklahoma,2005
AHB21027,A,swine,Oklahoma,2006
AHB21075,A,swine,North Carolina,2006
AHB21195,A,swine,Texas,2007
AHB21219,A,swine,Texas,2007
AHB21448,A,swine,North Carolina,2008
AHB21460,A,swine,North Carolina,2008
AHB21628,A,swine,North Carolina,2009
AHB21700,A,swine,Illinois,2009
AHB21712,A,swine,Oklahoma,2010
AHB22213,A,swine,Saskatchewan,2009
AHB22225,A,swine,Manitoba,2011
AHB22342,A,swine,North Carolina,2007
AHB22532,A,swine,Saskatchewan,2011
AHB22567,A,swine,Iowa,2003
AHB22579,A,swine,Nebraska,2003
AHB22615,A,swine,Nebraska,2003
AHB22687,A,swine,North Carolina,2004
AHB22699,A,swine,North Carolina,2004
AHB22843,A,swine,Oklahoma,2005
AHB22855,A,swine,Texas,2005
AHB22927,A,swine,Oklahoma,2006
AHB22939,A,swine,North Carolina,2006
AHB22963,A,swine,South Carolina,2006
AHB22975,A,swine,North Carolina,2006
AHB23011,A,swine,North Carolina,2007
AHB23035,A,swine,North Carolina,2007
AHB23071,A,swine,Arkansas,2009
AHB23117,A,swine,Oklahoma,2010
AHB23143,A,swine,Texas,2010
AHB23664,A,swine,North Carolina,2005
AHB24430,A,swine,Oklahoma,2010
AHB24776,A,swine,Mexico,2011
AHB51172,A,swine,Texas,2003
AHB51244,A,swine,Nebraska,2003
AHB51256,A,swine,Missouri,2003
AHB51316,A,swine,Missouri,2004
AHB51328,A,swine,Minnesota,2004
AHB51390,A,swine,Minnesota,2005
AHB51472,A,swine,Manitoba,2009
AHB51520,A,swine,North Carolina,2003
AHB59452,A,swine,Nebraska,2013
AHB72773,A,swine,Minnesota,2013
AHB72834,A,swine,Illinois,2013
AHB72968,A,avian,Egypt,2013
AHB73620,A,avian,Dongting,2012
AHB73644,A,swine,Iowa,2013
AHC28996,A,avian,Guangdong,2008
AHC58029,A,-,Peru,2011
AHC69182,A,avian,Bangladesh,2012
AHC69322,A,swine,Iowa,2013
AHC69370,A,swine,Nebraska,2013
AHD25010,A,swine,Minnesota,2013
AHD25046,A,swine,Indiana,2013
AHD25066,A,swine,Oklahoma,2013
AHD25126,A,swine,North Carolina,2013
AHD25285,A,swine,Minnesota,2013
AHD25415,A,swine,Indiana,2013
AHF20383,A,-,Cambodia,2013
AHF20402,A,-,Cambodia,2013
AHF20413,A,avian,Cambodia,2013
AHF20428,A,-,Cambodia,2013
AHF20480,A,-,Cambodia,2013
AHF20501,A,swine,Illinois,2013
AHG26596,A,swine,Oklahoma,2013
AHG26608,A,swine,Illinois,2013
AHG26632,A,swine,Illinois,2013
AHG26648,A,swine,Illinois,2013
AHG26717,A,swine,Iowa,2013
AHG26737,A,swine,Oklahoma,2013
AHG26890,A,-,Utah,2013
AHH00837,A,swine,Nebraska,2013
AHH25326,A,swine,Illinois,2013
AHH25330,A,swine,Minnesota,2013
AHI43338,A,swine,Illinois,2013
AHI43541,A,avian,Egypt,2012
AHI97132,A,avian,Henan,2013
AHI97714,A,swine,Thailand,2012
AHJ02873,A,swine,Minnesota,2014
AHJ02888,A,swine,Guangxi,2013
AHJ57430,A,-,Tehran,2013
AHJ57431,A,-,Tehran,2013
AHJ57435,A,-,Tehran,2013
AHK10669,A,swine,Iowa,2012
AHK10800,A,-,Shanghai,2014
AHL21511,A,swine,Minnesota,2013
AHL58744,A,swine,Iowa,2013
AHL81541,A,avian,Wisconsin,2011
AHL81845,A,avian,Wisconsin,2011
AHL82087,A,avian,Wisconsin,2011
AHL83031,A,avian,Mississippi,2012
AHL83056,A,avian,Mississippi,2012
AHL95518,A,-,Boston,2013
AHM24143,A,swine,Illinois,2014
AHM24191,A,swine,North Dakota,2014
AHM24199,A,swine,North Carolina,2014
AHM24205,A,avian,Germany,2010
AHM24289,A,swine,Guangxi,2013
AHM24301,A,swine,Guangxi,2013
AHM97626,A,avian,California,2012
AHM97674,A,avian,California,2013
AHM98133,A,avian,California,2013
AHM98204,A,avian,California,2013
AHN00657,A,avian,Wisconsin,1981
AHN01260,A,avian,Alaska,1976
AHN03147,A,avian,Wisconsin,1979
AHN19444,A,-,Illinois,2013
AHN19556,A,avian,Egypt,2013
AHN19564,A,avian,Egypt,2013
AHN96530,A,avian,Wisconsin,2013
AHN96602,A,avian,Iowa,2013
AHN96650,A,avian,Ohio,2013
AHN96710,A,avian,Iowa,2013
AHN96842,A,avian,Ohio,2013
AHN97094,A,avian,Ohio,2013
AHN97178,A,avian,Wisconsin,2013
AHN97322,A,avian,Wisconsin,2013
AHV83802,A,-,Colorado,2013
AHW46580,A,swine,Illinois,2014
AHW46596,A,swine,Oklahoma,2014
AHW46624,A,swine,Illinois,2014
AHW46681,A,swine,Iowa,2014
AHW46830,A,swine,Indiana,2014
AHW83226,A,-,Pavia,2014
AHW83238,A,-,Minnesota,2012
AHX38144,A,-,Gainesville,2014
AHX38310,A,swine,Ohio,2013
AHX38928,A,swine,Ohio,2013
AHY20736,A,avian,Bhutan,2012
AHY20744,A,avian,Bhutan,2012
AHY20931,A,swine,South Dakota,2014
AHY20935,A,swine,South Dakota,2014
AHY84442,A,avian,Iran,2014
AHY84466,A,-,Uganda,2011
AHY84544,A,-,Uganda,2009
AHY95001,A,swine,North Carolina,2014
AHY95005,A,swine,Iowa,2014
AHY95096,A,swine,Illinois,2014
AHY95100,A,swine,Nebraska,2014
AHY95104,A,swine,Minnesota,2014
AHY95115,A,avian,Hebei,2010
AHZ38875,A,avian,Sweden,2002
AHZ39463,A,avian,Republic of Georgia,2012
AHZ39487,A,avian,Republic of Georgia,2012
AHZ39510,A,avian,Republic of Georgia,2012
AHZ40057,A,-,Houston,2012
AHZ42377,A,avian,Delaware Bay,1994
AHZ43337,A,avian,Missouri,2012
AHZ43485,A,avian,Ohio,2012
AHZ43660,A,avian,Ohio,2012
AHZ44129,A,avian,Wisconsin,2012
AHZ44189,A,avian,Wisconsin,2012
AHZ44225,A,avian,Wisconsin,2012
AHZ59311,A,avian,Guangxi,2013
AHZ65629,A,swine,Missouri,2014
AHZ65633,A,swine,Minnesota,2014
AHZ65637,A,swine,Minnesota,2014
AHZ65657,A,swine,North Carolina,2014
AHZ65725,A,swine,Iowa,2014
AHZ65737,A,swine,Oklahoma,2014
AHZ65741,A,swine,Illinois,2014
AHZ65749,A,swine,North Carolina,2014
AHZ65761,A,swine,North Carolina,2014
AHZ65765,A,swine,South Dakota,2014
AHZ65769,A,swine,Iowa,2014
AIA24403,A,avian,Guangdong,2014
AIA24431,A,swine,Kansas,2014
AIA24435,A,swine,Kansas,2014
AIA24447,A,swine,Minnesota,2014
AIA62032,A,avian,Guangxi,2009
AIA66646,A,-,Shiraz,2013
AIA66731,A,swine,Missouri,2014
AIB06034,A,swine,Nebraska,2014
AIB06038,A,swine,Nebraska,2014
AIB06042,A,swine,Iowa,2014
AIB06050,A,swine,Iowa,2014
AIB06070,A,swine,North Carolina,2014
AIB06082,A,swine,North Carolina,2014
AIC73740,A,-,Alabama,2014
AIC73749,A,-,Colorado,2014
AIC73767,A,-,Japan,2014
AIC73815,A,-,Massachusetts,2014
AIC73827,A,-,New York,2014
AIC73834,A,-,Ohio,2014
BAA00718,A,-,swine,1939
BAA02768,A,-,Suita,1989
BAC43764,A,-,Kayano,1957
BAD89325,A,avian,Kyoto,2004
BAF03627,A,avian,Miyagi,1977
BAF43466,A,swine,Shimane,2001
BAF49415,A,avian,Hokkaido,2001
BAG28227,A,-,Morioka,2005
BAG49619,A,swine,Miyazaki,2006
BAG49742,A,swine,Kyoto,1979
BAH02110,A,swine,Udon Thani,2004
BAH98103,A,swine,Obihiro,1985
BAI68198,A,avian,Vietnam,2009
BAI83388,A,swine,Tochigi,2008
BAI83395,A,swine,Ratchaburi,2008
BAI83396,A,swine,Ratchaburi,2008
BAI94576,A,-,Nagasaki,2010
BAJ06679,A,-,Nagasaki,2010
BAJ09275,A,avian,Tsukuba,2006
BAJ14029,A,-,swine,2000
BAJ40004,A,-,Sendai,2009
BAJ83422,A,avian,Zambia,2009
BAK23275,A,swine,Niigata,2004
BAK24094,A,avian,Aomori,2011
BAK41887,A,swine,Binh Duong,2010
BAK42590,A,avian,Indonesia,2010
BAK42591,A,avian,Indonesia,2010
BAL61225,A,avian,EastKalimantan,2010
BAM36148,A,avian,Vietnam,2011
BAM36159,A,avian,Vietnam,2011
BAM37808,A,-,Tottori,2011
BAM42775,A,avian,Vietnam,2011
BAM62981,A,swine,Chonburi,2011
BAM63158,A,avian,Mongolia,2012
BAM78376,A,swine,Tochigi,2011
BAN14734,A,swine,Saitama,2004
BAN14735,A,swine,Saitama,2005
BAN14742,A,swine,Binh Doung,2010
BAN14745,A,swine,Ehime,2002
BAN14747,A,swine,Osaka-C,2008
BAN42578,A,avian,Soc Trang,2012
BAN66743,A,avian,Vietnam,2013
BAN79067,A,avian,Vietnam,2013
BAN81923,A,avian,Vietnam,2013
BAO10666,A,avian,Chiba,2007
BAO56967,A,avian,Vietnam,2013
BAO74193,A,avian,kumamoto,2014
CAA24271,A,avian,Ukraine,1963
CAA24272,A,-,Puerto Rico,1934
CAA29337,A,-,England,1977
CAA78263,A,-,fowl,1927
CAA91080,A,-,Mongolia,1985
CAA91081,A,-,Mongolia,1988
CAB95856,A,-,Hong Kong,1999
CAB95857,A,-,Hong Kong,1999
CAC18524,A,-,Fiji,1983
CAC81018,A,swine,Potsdam,1982
CAC86610,A,swine,Cotes d'Armor,1999
CAD20336,A,avian,Hong Kong,1999
CAP45718,A,avian,Slovenia,2006
CAP49183,A,swine,Germany,1995
CAP49192,A,swine,Germany,2000
CCD31011,A,swine,La Habana,2010
CCH23216,A,avian,Netherlands,1999
CCH23221,A,avian,Germany,1995
CCQ71947,A,swine,Spain,2007
CCQ71983,A,swine,Spain,2007
CDJ79889,A,-,Luxembourg,2005
