id,chain,host,location,year,subtype,continent
AAA43090,A,,Berlin,1964.0,H2N2,Europe
AAA43117,A,avian,,1972.0,H2N9,Europe
AAA43185,A,,Japan,1957.0,H2N2,Asia
AAA43205,A,avian,Ontario,1966.0,H5N9,North America
AAA43243,A,avian,Hong Kong,1978.0,H2N2,Asia
AAA43247,A,,Korea,1968.0,H2N2,Asia
AAA43248,A,,Krasnodar,1959.0,H2N2,Europe
AAA43578,A,avian,Ontario,1976.0,H2N3,North America
AAA43678,A,,Singapore,1957.0,H2N2,Asia
AAA72339,A,swine,Nebraska,1992.0,H1N1,North America
AAA92280,A,,WS,1933.0,H1N1,Oceania
AAC54377,A,avian,Germany,1979.0,H7N7,Europe
AAC54378,A,avian,South Africa,1961.0,H5N3,Africa
AAC54380,A,avian,England,1963.0,H7N3,Europe
AAC59602,A,,Vienna,1996.0,H3N2,Europe
AAD05216,A,swine,England,1994.0,H1N2,Europe
AAD05217,A,swine,England,1995.0,H1N2,Europe
AAD05218,A,swine,England,1996.0,H1N2,Europe
AAD17229,A,,South Carolina,1918.0,H1N1,North America
AAD25309,A,swine,Netherlands,1980.0,H1N1,Europe
AAD25312,A,swine,Netherlands,1985.0,H1N1,Europe
AAD26938,A,avian,NY,1998.0,H7N2,North America
AAF87283,A,swine,Wisconsin,1998.0,H1N1,North America
AAF87284,A,swine,Wisconsin,1998.0,H1N1,North America
AAG10650,A,avian,Pakistan,1995.0,H7N3,Asia
AAG10670,A,avian,Northern Ireland,1998.0,H7N7,Europe
AAK70452,A,,Hong Kong,1998.0,H1N1,Asia
AAK70454,A,,Hong Kong,1998.0,H1N1,Asia
AAK70456,A,,Hong Kong,1998.0,H1N1,Asia
AAK71687,A,avian,MO,1999.0,H1N2,Asia
AAL29715,A,swine,MN,2001.0,H1N2,Asia
AAL87867,A,swine,North Carolina,2001.0,H1N2,North America
AAL87868,A,swine,Minnesota,2000.0,H1N2,North America
AAM75158,A,,Puerto Rico,,H1N1,North America
AAO65612,A,avian,NC,2001.0,H1N2,North America
AAP34322,A,,Texas,1991.0,H1N1,North America
AAP60037,A,,Memphis,1996.0,H1N1,North America
AAP71989,A,avian,MN,1998.0,H5N2,Asia
AAR02640,A,,Netherlands,2003.0,H7N7,Europe
AAS07023,A,avian,England,1973.0,H5N2,Europe
AAT08004,A,avian,,1969.0,H3N2,Europe
AAT12704,A,swine,Pingtung,2002.0,H3N2,Asia
AAU25851,A,swine,Saskatchewan,2002.0,H1N1,North America
AAU25861,A,swine,Ontario,2001.0,H3N3,North America
AAV30828,A,swine,Fujian,2003.0,H5N1,Asia
AAV80798,A,avian,Minnesota,2003.0,H3N2,North America
AAW29080,A,avian,Eshkol,2003.0,H9N2,Asia
AAW78047,A,avian,Korea,2003.0,H3N2,Asia
AAW80717,A,,Viet Nam,2004.0,H5N1,Asia
AAX35871,A,,New York,2002.0,H3N2,North America
AAX47525,A,,New York,2002.0,H3N2,North America
AAX56590,A,,New York,2002.0,H3N2,North America
AAX57924,A,,New York,2000.0,H3N2,North America
AAY28395,A,,New York,2003.0,H3N2,North America
AAY46201,A,swine,Inner Mongolia,2001.0,H3N2,Asia
AAY52493,A,avian,Fujian,2000.0,H9N2,Asia
AAY52504,A,avian,Heilongjiang,2000.0,H9N2,Asia
AAY52507,A,avian,Henan,2002.0,H9N2,Asia
AAY52517,A,avian,Shijiazhuang,1998.0,H9N2,Asia
AAZ32951,A,,Moscow,2003.0,H3N2,Europe
ABA08508,A,,New York,2003.0,H1N2,North America
ABA27440,A,swine,IN,2004.0,H3N1,North America
ABA43336,A,,Memphis,1990.0,H3N2,North America
ABA46957,A,swine,Minnesota,2004.0,H3N1,North America
ABB03134,A,,New York,2003.0,H1N2,North America
ABB04906,A,,Hong Kong,1992.0,H3N2,Asia
ABB04928,A,,Hong Kong,1975.0,H3N2,Asia
ABB18025,A,avian,Alberta,1996.0,H2N5,North America
ABB20141,A,avian,Brazil,1990.0,H2N1,South America
ABB46392,A,,Beijing,1975.0,H3N2,Asia
ABB51963,A,,Taiwan,2004.0,H3N2,Asia
ABB79957,A,,Nanchang,1994.0,H3N2,Asia
ABB80023,A,,Hong Kong,1972.0,H3N2,Asia
ABB80672,A,,New York,1998.0,H3N2,North America
ABB82216,A,,New York,2002.0,H1N1,North America
ABB86946,A,swine,Ontario,2004.0,H1N1,North America
ABB87366,A,avian,DE,1988.0,H9N6,North America
ABB87844,A,avian,Alberta,1993.0,H10N7,North America
ABB87886,A,avian,Delaware Bay,1987.0,H9N5,North America
ABB88369,A,avian,Ukraine,1963.0,H3N8,Europe
ABB96363,A,,Memphis,1976.0,H3N2,North America
ABB96520,A,,Nanjing,1977.0,H3N2,Asia
ABC69150,A,avian,Hebei,2002.0,H5N1,Asia
ABC72655,A,,Thailand,2005.0,H5N1,Asia
ABD15258,A,,Denver,1957.0,H1N1,North America
ABD15746,A,,Canterbury,2000.0,H3N2,Europe
ABD16718,A,,Memphis,1986.0,H3N2,North America
ABD28181,A,,Anhui,2005.0,H5N1,Asia
ABD28182,A,,Guangxi,2005.0,H5N1,Asia
ABD59847,A,,Taiwan,1996.0,H1N1,Asia
ABD59848,A,,TW,1997.0,H1N1,Asia
ABD59849,A,,Taiwan,1999.0,H1N1,Asia
ABD59853,A,,TW,2003.0,H3N2,Asia
ABD60955,A,,Texas,1991.0,H1N1,North America
ABD61249,A,swine,Wisconsin,1980.0,H3N2,North America
ABD61735,A,,Fort Warren,1950.0,H1N1,North America
ABD62843,A,,Bellamy,1942.0,H1N1,North America
ABD73284,A,avian,Turkey,2005.0,H5N1,Asia
ABD79101,A,,Weiss,1943.0,H1N1,NaN
ABD79112,A,,Cameron,1946.0,H1N1,NaN
ABD85122,A,swine,Taiwan,2004.0,H3N1,Asia
ABD95031,A,,Canterbury,2000.0,H1N1,Europe
ABE68927,A,avian,Qinghai,2005.0,H5N1,Asia
ABE73115,A,,Moscow,1999.0,H3N2,Europe
ABF17959,A,avian,Ontario,2005.0,H3N2,North America
ABF21269,A,,Beijing,1989.0,H3N2,Asia
ABF21276,A,,Texas,1991.0,H1N1,North America
ABF21278,A,,WilsonSmith,1933.0,H1N1,North America
ABF60578,A,avian,New York,1978.0,H3N2,North America
ABG34254,A,swine,Korea,2005.0,H1N2,Asia
ABG37230,A,,New York,1994.0,H3N2,North America
ABG48181,A,,Waikato,2002.0,H3N2,Oceania
ABG67978,A,avian,Laos,2006.0,H5N1,Asia
ABG80073,A,,New York,1994.0,H3N2,North America
ABG88531,A,,New York,1994.0,H3N2,North America
ABI20826,A,,Hickox,1940.0,H1N1,North America
ABI20870,A,,New York,1995.0,H1N1,North America
ABI20958,A,,New York,1994.0,H3N2,North America
ABI21519,A,,Nanchang,1996.0,H1N1,Asia
ABI36450,A,,Indonesia,2006.0,H5N1,Asia
ABI54388,A,swine,Korea,2006.0,H3N1,Asia
ABI84450,A,avian,Delaware,1986.0,H2N7,North America
ABI84495,A,avian,New Zealand,1984.0,H5N2,Oceania
ABI84588,A,avian,Germany,1973.0,H2N3,Europe
ABI84602,A,avian,Minnesota,1980.0,H7N3,North America
ABI84849,A,avian,Pennsylvania,2002.0,H7N2,North America
ABI85000,A,,Canada,2004.0,H7N3,North America
ABI85011,A,avian,Italy,2000.0,H7N1,Europe
ABI94581,A,avian,Netherlands,2003.0,H7N7,Europe
ABI95261,A,,Nanchang,1996.0,H1N1,Asia
ABJ16565,A,avian,Maryland,2002.0,H5N2,North America
ABJ16785,A,,South Australia,2000.0,H3N2,Oceania
ABJ51739,A,avian,Viet Nam,2005.0,H5N1,Asia
ABK00132,A,swine,Anhui,2004.0,H5N1,Asia
ABK34764,A,avian,Shanxi,2006.0,H5N1,Asia
ABK57092,A,,Philippines,2004.0,H1N2,Asia
ABK57093,A,,Thailand,2005.0,H1N1,Asia
ABM21877,A,avian,Dubai,2000.0,H9N2,Asia
ABN51066,A,,Memphis,1996.0,H1N1,North America
ABO32981,A,,Lackland,1978.0,H1N1,North America
ABO32992,A,,Lackland,1978.0,H1N1,North America
ABO38098,A,,Albany,1958.0,H2N2,North America
ABO38340,A,,Chile,1983.0,H1N1,South America
ABO38351,A,,Henry,1936.0,H1N1,North America
ABO38362,A,,India,1980.0,H1N1,Asia
ABO38373,A,,Iowa,1943.0,H1N1,North America
ABO38384,A,,Phila,1935.0,H1N1,North America
ABO38701,A,,Albany,1967.0,H2N2,North America
ABO44057,A,,Albany,1967.0,H2N2,North America
ABO52071,A,,Waikato,2004.0,H3N2,Oceania
ABO52247,A,,Albany,1968.0,H2N2,North America
ABO52280,A,,Malaya,1954.0,H1N1,Asia
ABP49327,A,,AA,1945.0,H1N1,North America
ABP49481,A,,Albany,1951.0,H1N1,North America
ABP51975,A,,Hong Kong,2003.0,H5N1,Asia
ABQ01355,A,,Albany,1960.0,H2N2,North America
ABQ11257,A,avian,Thailand,2005.0,H5N1,Asia
ABQ42444,A,swine,Guangxi,2006.0,H1N2,Asia
ABQ57239,A,swine,,,H3N2,Asia
ABQ97200,A,,Hong Kong,1968.0,H3N2,Asia
ABQ97202,A,swine,Leipzig,1992.0,H3N2,Europe
ABR37440,A,emu,New South Wales,1997.0,H7N4,Oceania
ABS00315,A,swine,Henan,2006.0,H1N1,Asia
ABS50053,A,,Auckland,2001.0,H3N2,Oceania
ABS50795,A,avian,Israel,2005.0,H9N2,Asia
ABS53363,A,swine,Cloppenburg,2005.0,H1N2,Europe
ABS53372,A,swine,Bakum,2000.0,H1N2,Europe
ABS71668,A,,Thailand,2006.0,H1N1,Asia
ABS71672,A,,Thailand,2006.0,H1N1,Asia
ABS89365,A,avian,,1976.0,H7N7,Oceania
ABU80265,A,swine,Tennessee,1978.0,H1N1,North America
ABU92710,A,,Denmark,2004.0,H3N2,Europe
ABU99094,A,avian,West Java,2006.0,H5N1,Asia
ABU99104,A,avian,Vietnam,2005.0,H5N1,Asia
ABU99195,A,avian,West Java,2006.0,H5N1,Asia
ABV31843,A,avian,Guangxi,2005.0,H9N2,Asia
ABW21667,A,avian,Huadong,2005.0,H5N1,Asia
ABW36333,A,swine,Ontario,1981.0,H1N1,North America
ABW39883,A,,Texas,2007.0,H1N1,North America
ABW40114,A,,New York,2007.0,H1N1,North America
ABW80976,A,,New York,2001.0,H3N2,North America
ABW81507,A,,Denmark,2001.0,H1N1,Europe
ABW81532,A,,Denmark,2003.0,H1N2,Europe
ABW91526,A,,Kentucky,2007.0,H1N1,North America
ABW94127,A,avian,Maryland,2002.0,H1N1,North America
ABX10497,A,avian,Hebei,2005.0,H5N1,Asia
ABY40410,A,swine,Saraburi,2005.0,H1N2,Asia
ABY79833,A,avian,Egypt,2007.0,H5N1,Africa
ABY81426,A,swine,Iowa,1986.0,H1N1,North America
ABY81821,A,swine,Korea,2004.0,H3N2,Asia
ABY81829,A,avian,Korea,2005.0,H3N2,Asia
ACA04574,A,avian,Western Australia,1984.0,H3N8,Oceania
ACA28846,A,,Brisbane,2007.0,H1N1,Oceania
ACA33674,A,,Delaware,2007.0,H3N2,North America
ACA33732,A,,Texas,2007.0,H1N1,North America
ACA33752,A,,Minnesota,2007.0,H1N1,North America
ACA50026,A,avian,Iran,2007.0,H9N2,Asia
ACA50030,A,avian,Iran,1999.0,H9N2,Asia
ACB11782,A,,New Mexico,2008.0,H1N1,North America
ACB11812,A,,Hawaii,2007.0,H1N1,North America
ACB36678,A,giant anteater,Tennessee,2007.0,H1N1,North America
ACB70647,A,avian,Vietnam,2007.0,H5N1,Asia
ACD12172,A,avian,Hong Kong,1979.0,H9N2,Asia
ACD12274,A,avian,Thailand,2006.0,H5N1,Asia
ACD35865,A,avian,Minnesota,2005.0,H3N2,North America
ACD35872,A,avian,North Carolina,2005.0,H3N2,North America
ACD56302,A,,North Carolina,1968.0,H2N2,North America
ACD56313,A,,Korea,1968.0,H2N2,Asia
ACD56324,A,,Moscow,1965.0,H2N2,Europe
ACD85198,A,,Potsdam,1965.0,H2N2,Europe
ACD88648,A,avian,North Carolina,2005.0,H3N2,North America
ACE77927,A,swine,Korea,2004.0,H1N1,Asia
ACE77933,A,swine,Korea,2006.0,H1N2,Asia
ACE77937,A,swine,Korea,2007.0,H1N2,Asia
ACE77938,A,swine,Korea,2004.0,H3N2,Asia
ACE77939,A,swine,Korea,2005.0,H3N2,Asia
ACE77942,A,swine,Korea,2007.0,H3N2,Asia
ACE77944,A,swine,Korea,2007.0,H3N2,Asia
ACE77946,A,swine,Korea,2007.0,H3N2,Asia
ACF20226,A,avian,California,1999.0,H10N7,North America
ACF22148,A,,Yucatan,2003.0,H3N2,North America
ACF24987,A,avian,Minnesota,1999.0,H3N5,North America
ACF25543,A,avian,Minnesota,2005.0,H3N2,North America
ACF25596,A,avian,IA,1992.0,H1N1,North America
ACF25627,A,emu,NY,1994.0,H5N9,North America
ACF25679,A,avian,Minnesota,1987.0,H5N2,North America
ACF36262,A,,Hong Kong,2000.0,H3N2,Asia
ACF36396,A,,Hong Kong,2001.0,H3N2,Asia
ACF36398,A,,Hong Kong,2001.0,H3N2,Asia
ACF36458,A,,Hong Kong,2005.0,H3N2,Asia
ACF41834,A,,Puerto Rico,1934.0,H1N1,North America
ACF41900,A,,New York,2004.0,H3N2,North America
ACF41933,A,,Texas,1991.0,H1N1,North America
ACF47409,A,avian,California,2007.0,H3N5,North America
ACF47420,A,avian,California,2007.0,H2N7,North America
ACF47464,A,avian,California,2007.0,H3N7,North America
ACF54389,A,,Georgia,1967.0,H2N2,North America
ACF54565,A,,Wyoming,2003.0,H3N2,North America
ACF74233,A,avian,California,2007.0,H10N7,North America
ACF74243,A,avian,California,2007.0,H5N7,North America
ACF93481,A,avian,Haryana,2003.0,H9N2,Asia
ACF93484,A,avian,Gujarat,2004.0,H9N2,Asia
ACF93486,A,avian,Guangdong,2007.0,H9N2,Asia
ACH95448,A,avian,Henan,2001.0,H9N2,Asia
ACH95456,A,avian,Fujian,2002.0,H9N2,Asia
ACH95660,A,swine,Anhui,2006.0,H3N8,Asia
ACI06178,A,,Cambodia,2007.0,H5N1,Asia
ACI26560,A,,Siena,1990.0,H3N2,Europe
ACI26571,A,,Siena,1990.0,H3N2,Europe
ACI26593,A,,Siena,1991.0,H3N2,Europe
ACI32741,A,,BadenWuerttemberg,2003.0,H1N2,Europe
ACI41126,A,avian,NakornSawan,2005.0,H5N1,Asia
ACI45446,A,,Cambodia,2007.0,H1N1,Asia
ACJ26341,A,avian,Hong Kong,2008.0,H5N1,Asia
ACJ26374,A,avian,Hong Kong,2008.0,H5N1,Asia
ACJ73766,A,,Texas,2008.0,H1N1,North America
ACK99476,A,,Siena,1997.0,H3N2,Europe
ACL79904,A,swine,Minnesota,2007.0,H1N1,North America
ACL80025,A,avian,North Carolina,1993.0,H7N1,North America
ACM17265,A,swine,NC,2005.0,H1N1,North America
ACM51329,A,,South Carolina,2008.0,H1N1,North America
ACM80372,A,swine,Thailand,2005.0,H3N2,Asia
ACN33090,A,,Ohio,2007.0,H1N1,North America
ACN39410,A,avian,Anhui,2007.0,H5N1,Asia
ACN67524,A,swine,Belgium,1998.0,H1N1,Europe
ACN90987,A,swine,Tainan,2003.0,H3N1,Asia
ACN90994,A,swine,Pingtung,1999.0,H1N2,Asia
ACO07033,A,avian,Vietnam,2008.0,H5N1,Asia
ACO07038,A,avian,Vietnam,2008.0,H5N1,Asia
ACO07043,A,avian,Vietnam,2008.0,H5N1,Asia
ACO07051,A,swine,Tainan,2005.0,H1N2,Asia
ACO95226,A,,Hong Kong,2005.0,H3N2,Asia
ACO95270,A,,Brisbane,2007.0,H3N2,Oceania
ACQ65691,A,,Taiwan,2007.0,H3N2,Asia
ACR26715,A,swine,North Carolina,2003.0,H1N1,North America
ACR39190,A,swine,Groitzsch,2007.0,H1N2,Europe
ACR48872,A,,Indonesia,2005.0,H5N1,Asia
ACR49193,A,avian,East Java,2006.0,H5N1,Asia
ACR56228,A,avian,Egypt,2008.0,H5N1,Africa
ACR81633,A,,Paris,2009.0,H1N1,Europe
ACS71656,A,,Mexico,2009.0,H1N1,North America
ACS78026,A,,New York,2009.0,H1N1,North America
ACT15320,A,,Egypt,2009.0,H5N1,Africa
ACT15355,A,,Egypt,2009.0,H5N1,Africa
ACT20893,A,avian,Tyva,2009.0,H5N1,Asia
ACT21466,A,,New York,1998.0,H3N2,North America
ACT33159,A,swine,Alberta,2009.0,H1N1,North America
ACT67801,A,,New Hampshire,2009.0,H3N2,North America
ACT97067,A,swine,Tianjin,2004.0,H1N2,Asia
ACU12494,A,,Siena,1991.0,H3N2,Europe
ACU13094,A,,Texas,2009.0,H1N1,North America
ACU43765,A,,Texas,2008.0,H1N1,North America
ACU44038,A,,Kentucky,2009.0,H1N1,North America
ACU44361,A,,Arizona,2009.0,H1N1,North America
ACU44395,A,,Wisconsin,2009.0,H1N1,North America
ACU44406,A,,Minnesota,2009.0,H1N1,North America
ACU46644,A,,Thailand,2006.0,H5N1,Asia
ACU46717,A,swine,Guangdong,2002.0,H3N2,Asia
ACU80014,A,,New Jersey,1976.0,H1N1,North America
ACU82395,A,swine,Sweden,2009.0,H1N2,Europe
ACV42073,A,swine,Oklahoma,2009.0,H3N2,North America
ACV42106,A,swine,Oklahoma,2007.0,H3N2,North America
ACV49556,A,,Melbourne,1946.0,H1N1,North America
ACV49600,A,,Japan,1957.0,H2N2,Asia
ACV70734,A,,Wisconsin,2009.0,H1N1,North America
ACV90543,A,avian,New York,2007.0,H5N2,North America
ACV90903,A,avian,Montana,2006.0,H5N2,North America
ACV91043,A,avian,Minnesota,2006.0,H5N2,North America
ACX31973,A,avian,Egypt,2009.0,H5N1,Africa
ACX31981,A,avian,Egypt,2009.0,H5N1,Africa
ACX31993,A,avian,Egypt,2009.0,H5N1,Africa
ACX36501,A,,Singapore,2009.0,H1N1,Asia
ACX48061,A,swine,Bavaria,2007.0,H5N1,Europe
ACY06456,A,swine,Fujian,2007.0,H3N2,Asia
ACY06458,A,swine,Shandong,2007.0,H3N2,Asia
ACY06459,A,swine,Guangdong,2006.0,H3N2,Asia
ACY06623,A,swine,Hubei,2009.0,H1N1,Asia
ACY25797,A,avian,Iran,2007.0,H9N2,Asia
ACY25801,A,avian,Iran,2007.0,H9N2,Asia
ACY25803,A,avian,Iran,2007.0,H9N2,Asia
ACY67022,A,swine,Iowa,2003.0,H3N2,North America
ACY80644,A,avian,NV,2006.0,H5N2,North America
ACZ05568,A,,New York,2009.0,H1N1,North America
ACZ16520,A,,Wisconsin,2009.0,H1N1,North America
ACZ48510,A,avian,Viet Nam,2001.0,H5N1,Asia
ACZ48594,A,avian,Pakistan,2004.0,H7N3,Asia
ACZ48608,A,avian,Italy,1999.0,H7N1,Europe
ACZ53956,A,swine,Jilin,2007.0,H3N2,Asia
ACZ53978,A,swine,Jilin,2008.0,H3N2,Asia
ACZ58384,A,avian,Crimea,2008.0,H7N8,Europe
ACZ61118,A,,Parana,2009.0,H1N1,South America
ACZ81556,A,,Thailand,2009.0,H1N1,Asia
ACZ96889,A,,Brownsville,2009.0,H1N1,North America
ADA83043,A,,Novgorod,2009.0,H1N1,Europe
ADB81439,A,,Russia,2009.0,H1N1,Europe
ADB82656,A,swine,Thailand,2009.0,H1N2,Asia
ADB89281,A,,California,2009.0,H1N1,North America
ADC29463,A,avian,Korea,2004.0,H5N2,Asia
ADC45659,A,,Hokkaido,2007.0,H1N1,Asia
ADC45670,A,,Hyogo,2007.0,H1N1,Asia
ADC45813,A,,Kyoto,2009.0,H1N1,Asia
ADC97015,A,avian,Shandong,2008.0,H5N1,Asia
ADD10558,A,avian,Eastern China,2008.0,H5N1,Asia
ADD21428,A,swine,Indonesia,2004.0,H3N1,Asia
ADD21467,A,swine,Fujian,2008.0,H1N1,Asia
ADD21560,A,,Kansas,2009.0,H3N2,North America
ADD23162,A,,San Diego,2009.0,H1N1,North America
ADD96936,A,,San Diego,2009.0,H1N1,North America
ADE75148,A,avian,Sweden,2002.0,H1N2,Europe
ADF58349,A,,GermanyBY,2009.0,H1N1,Europe
ADF83497,A,swine,Guangdong,2009.0,H1N1,Asia
ADF83650,A,,Vietnam,2008.0,H5N1,Asia
ADG08198,A,swine,Hong Kong,2009.0,H1N1,Asia
ADG08308,A,swine,Hong Kong,2009.0,H1N1,Asia
ADG21416,A,,Egypt,2009.0,H5N1,Africa
ADG21437,A,,Egypt,2010.0,H5N1,Africa
ADG21441,A,,Egypt,2010.0,H5N1,Africa
ADG21445,A,,Egypt,2010.0,H5N1,Africa
ADG28681,A,avian,Egypt,2008.0,H5N1,Africa
ADG28683,A,avian,Egypt,2008.0,H5N1,Africa
ADG59044,A,swine,Guangdong,2010.0,H1N1,Asia
ADG59049,A,avian,Shandong,2006.0,H5N1,Asia
ADG59054,A,avian,Liaoning,2007.0,H5N1,Asia
ADG59055,A,avian,Guizhou,2008.0,H5N1,Asia
ADG59060,A,avian,Liaoning,2006.0,H5N1,Asia
ADG59063,A,avian,Tibet,2006.0,H5N1,Asia
ADG59064,A,avian,Hunan,2007.0,H5N1,Asia
ADG59067,A,avian,Xinjiang,2006.0,H5N1,Asia
ADG59070,A,avian,Xinjiang,2005.0,H5N1,Asia
ADG59089,A,avian,Shanxi,2006.0,H5N1,Asia
ADG59090,A,avian,Hunan,2004.0,H5N1,Asia
ADG85225,A,swine,NC,2010.0,H1N1,North America
ADG85233,A,swine,IN,2010.0,H1N1,North America
ADG85794,A,swine,Minnesota,2010.0,H1N1,North America
ADI34060,A,avian,Karachi,2004.0,H7N3,Asia
ADI34061,A,avian,Chakwal,2004.0,H7N3,Asia
ADI46319,A,swine,East Java,2007.0,H5N1,Asia
ADI46320,A,swine,East Java,2007.0,H5N1,Asia
ADI52834,A,avian,Ontario,2009.0,H1N1,North America
ADI52836,A,avian,Ontario,2009.0,H1N1,North America
ADI52837,A,avian,Ontario,2009.0,H1N1,North America
ADJ18171,A,,Iran,2009.0,H1N1,Asia
ADJ38087,A,swine,Iowa,2010.0,H1N1,North America
ADJ41816,A,,Philippines,1982.0,H3N2,Asia
ADJ80234,A,swine,Sweden,2010.0,H1N2,Europe
ADK26592,A,swine,Illinois,2010.0,H1N2,North America
ADK48778,A,swine,Italy,2010.0,H1N2,Europe
ADK56450,A,avian,Guangzhou,2005.0,H9N2,Asia
ADK89127,A,swine,Heilongjiang,2007.0,H3N2,Asia
ADL32414,A,,Madrid,2009.0,H1N1,Europe
ADL64047,A,avian,Chandigarh,2003.0,H9N2,Asia
ADM23842,A,,Alagoas,2010.0,H1N1,South America
ADM23846,A,,Alagoas,2010.0,H1N1,South America
ADM23847,A,,Alagoas,2010.0,H1N1,South America
ADM23851,A,,Bahia,2010.0,H1N1,South America
ADM33949,A,avian,Bangladesh,2010.0,H5N1,Asia
ADM85846,A,avian,Egypt,2010.0,H5N1,Africa
ADM85857,A,avian,Egypt,2010.0,H5N1,Africa
ADM85867,A,avian,Egypt,2010.0,H5N1,Africa
ADM95450,A,avian,Cambodia,2007.0,H5N1,Asia
ADN89270,A,,California,2009.0,H1N1,North America
ADN92778,A,,Taiwan,2008.0,H1N1,Asia
ADO14359,A,,Belgorod,2009.0,H1N1,Europe
ADO14466,A,avian,Shandong,2008.0,H9N2,Asia
ADO29901,A,,Qingdao,2009.0,H1N1,Asia
ADO29908,A,,Qingdao,2010.0,H1N1,Asia
ADO34927,A,swine,Missouri,2009.0,H1N1,North America
ADO65971,A,swine,Argentina,2010.0,H1N2,South America
ADP05197,A,avian,Fujian,2007.0,H9N2,Asia
ADP05204,A,swine,Iowa,2009.0,H1N1,North America
ADP05208,A,swine,North Carolina,2009.0,H1N2,North America
ADP69273,A,avian,Emirates,2002.0,H9N2,Asia
ADQ92582,A,avian,Delaware,2007.0,H5N1,North America
ADR01746,A,swine,Italy,2010.0,H1N2,Europe
ADR51661,A,swine,Italy,2002.0,H1N2,Europe
ADR51662,A,swine,Italy,1999.0,H1N2,Europe
ADR51668,A,swine,Italy,2009.0,H1N2,Europe
ADR51669,A,swine,Italy,2008.0,H1N2,Europe
ADT64317,A,swine,Jangsu,2010.0,H1N1,Asia
ADT64860,A,avian,Victoria,1981.0,H1N1,North America
ADT64868,A,avian,Victoria,1981.0,H5N2,North America
ADT78908,A,,Netherlands,1953.0,H1N1,Europe
ADT78936,A,,Netherlands,1951.0,H1N1,Europe
ADT78961,A,,Netherlands,1960.0,H2N2,Europe
ADT79030,A,,Netherlands,1982.0,H3N2,Europe
ADT79129,A,,Nijmegen,1959.0,H2N2,Europe
ADT79161,A,swine,Italy,1981.0,H3N2,Europe
ADU25478,A,,Switzerland,2010.0,H1N1,Europe
ADU53614,A,avian,Interior Alaska,2008.0,H1N1,North America
ADU85891,A,swine,Italy,2009.0,H1N2,Europe
ADU85893,A,swine,Italy,2009.0,H1N2,Europe
ADU85894,A,swine,Italy,1998.0,H1N2,Europe
ADV02479,A,swine,KU,2001.0,H7N2,Asia
ADV19281,A,swine,Guangdong,2010.0,H1N2,Asia
ADV58875,A,avian,BC,2005.0,H3N2,North America
ADV58876,A,avian,QC,2008.0,H3N2,North America
ADV58880,A,swine,QC,2009.0,H3N2,North America
ADV69078,A,swine,Minnesota,2009.0,H1N2,North America
ADV69079,A,swine,North Carolina,2009.0,H1N1,North America
ADV69090,A,swine,Minnesota,2009.0,H1N1,North America
ADV69091,A,swine,Indiana,2009.0,H1N2,North America
ADV69097,A,swine,Iowa,2010.0,H1N2,North America
ADV69106,A,swine,Minnesota,2010.0,H1N2,North America
ADW01407,A,,Jiangsu,2011.0,H1N1,Asia
ADW10721,A,,Boston,2009.0,H1N1,North America
ADW93789,A,swine,Costa Rica,2010.0,H1N1,North America
ADX31845,A,swine,England,2010.0,H1N2,Europe
ADX31858,A,swine,England,2010.0,H1N1,Europe
ADX96236,A,swine,Hubei,2009.0,H1N1,Asia
ADY70986,A,swine,Hong Kong,2001.0,H1N1,Asia
ADY71223,A,swine,Hong Kong,2003.0,H1N2,Asia
ADY71438,A,swine,Hong Kong,2006.0,H1N2,Asia
ADY71526,A,swine,Hong Kong,2007.0,H1N1,Asia
ADY71612,A,swine,Hong Kong,2008.0,H1N1,Asia
ADY71787,A,swine,Hong Kong,2009.0,H1N1,Asia
ADY72576,A,swine,Hong Kong,2005.0,H1N2,Asia
ADY80044,A,swine,Indiana,2010.0,H1N2,North America
ADZ05627,A,,LyonCHU,2003.0,,North America
ADZ05628,A,,Reunion,2004.0,,Africa
AEA29580,A,swine,SK,2009.0,H1N1,Europe
AEA29582,A,swine,MB,2009.0,H1N1,North America
AEA29595,A,swine,QC,2009.0,H1N1,North America
AEA48985,A,,Fuzhou,2010.0,H1N1,Asia
AEA50985,A,,Bangladesh,2011.0,H5N1,Asia
AEA73584,A,,Boston,2009.0,H1N1,North America
AEA92634,A,,South Dakota,2008.0,H1N1,North America
AEB80459,A,swine,Thailand,2010.0,H1N1,Asia
AEF28999,A,swine,OH,2011.0,H1N1,North America
AEF33066,A,swine,Illinois,2010.0,H1N2,North America
AEF33067,A,swine,North Carolina,2010.0,H1N1,North America
AEG64762,A,,United Kingdom,1933.0,H1N1,Europe
AEH42785,A,swine,Hubei,2009.0,H1N2,Asia
AEH59624,A,,Nanchang,2009.0,H1N1,Asia
AEI30055,A,swine,Korea,2008.0,H1N1,Asia
AEI30056,A,swine,Korea,2009.0,H1N1,Asia
AEI30057,A,swine,Korea,2009.0,H1N2,Asia
AEJ10440,A,,Sydney,2010.0,H1N1,Oceania
AEJ82788,A,,Taiwan,2011.0,H1N1,Asia
AEJ82792,A,,Taiwan,2011.0,H1N1,Asia
AEJ82796,A,,Taiwan,2011.0,H1N1,Asia
AEK49444,A,avian,California,2008.0,H3N8,North America
AEK49568,A,avian,California,2008.0,H10N7,North America
AEK50870,A,avian,California,2009.0,H1N1,North America
AEK79815,A,avian,Viet Nam,2008.0,H5N1,Asia
AEK85773,A,avian,Henan,2009.0,H9N2,Asia
AEK86047,A,swine,Guangdong,2010.0,H1N1,Asia
AEK86048,A,swine,Guangdong,2010.0,H1N1,Asia
AEL89681,A,,Bangkok,2010.0,H1N1,Asia
AEM63475,A,,India,2009.0,H1N1,Asia
AEM63482,A,,India,2009.0,H1N1,Asia
AEM63500,A,,India,2010.0,H1N1,Asia
AEM75239,A,avian,Wisconsin,2009.0,H1N1,North America
AEM75431,A,avian,Mississippi,2010.0,H10N7,North America
AEM75523,A,avian,Wisconsin,2009.0,H3N2,North America
AEN02518,A,avian,Fujian,2011.0,H9N2,Asia
AEN55513,A,,Bangkok,2010.0,H1N1,Asia
AEN68575,A,swine,Italy,2010.0,H1N2,Europe
AEN68577,A,swine,Italy,2010.0,H1N2,Europe
AEN68581,A,swine,Italy,2010.0,H1N2,Europe
AEN68619,A,avian,Israel,2011.0,H5N1,Asia
AEN68938,A,,Cambodia,2011.0,H5N1,Asia
AEN68939,A,avian,Cambodia,2008.0,H5N1,Asia
AEN94603,A,avian,Lao,2010.0,H5N1,Asia
AEN94876,A,swine,North Carolina,2005.0,H1N1,North America
AEN94886,A,swine,North Carolina,2002.0,H1N1,North America
AEN95123,A,avian,Malaysia,2001.0,H9N2,Asia
AEO01499,A,,England,2009.0,H1N1,Europe
AEO01598,A,,England,2009.0,H1N1,Europe
AEO01612,A,,England,2009.0,H1N1,Europe
AEO01709,A,,Mexico,2008.0,H1N1,North America
AEO52326,A,avian,Zhejiang,2011.0,H5N1,Asia
AEO89145,A,,Xinjiang,2009.0,H5N1,Asia
AEO89163,A,,Guangxi,2009.0,H5N1,Asia
AEO89172,A,,Hunan,2009.0,H5N1,Asia
AEO91779,A,swine,North Carolina,2005.0,H1N1,North America
AEO91855,A,swine,Minnesota,2008.0,H1N2,North America
AEP17073,A,swine,Iowa,2011.0,H1N2,North America
AEP17078,A,swine,Illinois,2011.0,H1N2,North America
AEP17277,A,swine,Iowa,2011.0,H1N1,North America
AEP17308,A,avian,Ontario,2011.0,H3N2,North America
AEP32455,A,,Thailand,2009.0,H1N1,Asia
AEP71333,A,avian,Egypt,2009.0,H5N1,Africa
AEP84526,A,avian,Egypt,2011.0,H5N1,Africa
AEQ38190,A,,Hong Kong,2009.0,H1N1,Asia
AEQ38195,A,,Hong Kong,2009.0,H1N1,Asia
AEQ61287,A,swine,Jiangsu,2011.0,H1N1,Asia
AEQ61347,A,swine,Jiangsu,2011.0,H1N1,Asia
AEQ61437,A,swine,Jiangsu,2010.0,H1N1,Asia
AEQ72820,A,avian,Egypt,2010.0,H5N1,Africa
AEQ72868,A,avian,Egypt,2011.0,H5N1,Africa
AEQ72881,A,avian,Egypt,2011.0,H5N1,Africa
AEQ72884,A,avian,Egypt,2011.0,H5N1,Africa
AEQ72889,A,avian,Egypt,2011.0,H5N1,Africa
AET11800,A,avian,Sanjiang,2007.0,H1N1,Asia
AET74962,A,avian,Delaware,1988.0,H9N9,North America
AET75834,A,avian,Delaware Bay,1994.0,H3N2,North America
AET76679,A,avian,Delaware Bay,1999.0,H3N8,North America
AET76690,A,avian,Delaware Bay,1999.0,H3N2,North America
AET77176,A,avian,Delaware Bay,2003.0,H9N1,North America
AET77666,A,avian,Alberta,2006.0,H7N3,North America
AET80429,A,avian,Vietnam,2011.0,H5N1,Asia
AET84295,A,,Nevada,2009.0,H1N1,North America
AEU05027,A,,Indiana,2011.0,H3N2,North America
AEV40002,A,,Shenzhen,2009.0,H1N1,Asia
AEV40049,A,,Shenzhen,2009.0,H1N1,Asia
AEV40056,A,,Shenzhen,2009.0,H1N1,Asia
AEV40282,A,avian,Hebei,2009.0,H5N2,Asia
AEW25367,A,,Zhejiang,2009.0,H1N1,Asia
AEW25528,A,,Zhejiang,2009.0,H1N1,Asia
AEW25590,A,,Zhejiang,2009.0,H1N1,Asia
AEW31134,A,,Minnesota,2011.0,H1N2,North America
AEX30517,A,swine,Shepparton,2009.0,H1N1,Europe
AEX30519,A,swine,Henan,2010.0,H1N2,Asia
AEX30540,A,swine,Hong Kong,2011.0,H3N2,Asia
AEX30611,A,avian,Sheny,2008.0,H5N1,Asia
AEX33924,A,,HaNoi,2006.0,H1N1,Asia
AEX34650,A,,HaNoi,2005.0,H1N1,Asia
AEX34768,A,,TayNguyen,2006.0,H1N1,Asia
AEX35120,A,,HaNoi,2008.0,H1N1,Asia
AEX35428,A,,HaNoi,2004.0,H3N2,Asia
AEX38474,A,,Wisconsin,2011.0,H1N1,North America
AEX63617,A,swine,Jiangsu,2011.0,H1N1,Asia
AEY75592,A,avian,Malaysia,1997.0,H9N2,Asia
AEZ01103,A,,Hangzhou,2011.0,H1N1,Asia
AEZ01107,A,,Hangzhou,2011.0,H1N1,Asia
AEZ02122,A,swine,North Carolina,2009.0,H3N2,North America
AEZ54197,A,swine,Iowa,2011.0,H1N2,North America
AFA51661,A,avian,Egypt,2011.0,H9N2,Africa
AFB18647,A,avian,Japan,2011.0,H5N1,Asia
AFB70317,A,,Argentina,2009.0,H1N1,South America
AFB77618,A,,Kenya,2011.0,H1N1,Africa
AFC18325,A,avian,England,2010.0,H9N1,Europe
AFC98271,A,swine,North Carolina,2010.0,H1N2,North America
AFC98273,A,swine,North Carolina,2011.0,H1N2,North America
AFD32574,A,swine,Indiana,2010.0,H3N2,North America
AFD64223,A,,Fujian,2002.0,H3N2,Asia
AFE02952,A,,Taiwan,2011.0,H1N1,Asia
AFE48437,A,avian,Taiwan,2005.0,H5N2,Asia
AFF57124,A,,Gyeonggi,2010.0,H1N1,Asia
AFG71942,A,,Hong Kong,1971.0,H3N2,Asia
AFG71953,A,,Bilthoven,1972.0,H3N2,Europe
AFG71996,A,,Bilthoven,1974.0,H3N2,Europe
AFG72085,A,,Sichuan,1987.0,H3N2,Asia
AFG72096,A,,Beijing,1989.0,H3N2,Asia
AFG72173,A,,Amsterdam,1992.0,H3N2,Europe
AFG72350,A,,Netherlands,1993.0,H3N2,Europe
AFG72735,A,,Oslo,1997.0,H3N2,Europe
AFG72823,A,,Fujian,2002.0,H3N2,Asia
AFG98830,A,,Bilthoven,1971.0,H3N2,Europe
AFG98863,A,,England,1972.0,H3N2,Europe
AFG98940,A,,Bilthoven,1974.0,H3N2,Europe
AFG99006,A,,Bilthoven,1976.0,H3N2,Europe
AFG99094,A,,Rotterdam,1977.0,H3N2,Europe
AFG99138,A,,Bilthoven,1982.0,H3N2,Europe
AFG99237,A,,Colorado,1986.0,H3N2,North America
AFG99248,A,,Shanghai,1987.0,H3N2,Asia
AFG99347,A,,Netherlands,1989.0,H3N2,Europe
AFG99402,A,,Victoria,1989.0,H3N2,North America
AFG99501,A,,Canberra,1991.0,H3N2,Oceania
AFH00065,A,,Akita,1993.0,H3N2,Asia
AFH00076,A,,Enschede,1993.0,H3N2,Europe
AFH00098,A,,Lyon,1993.0,H3N2,Europe
AFH00263,A,,Scotland,1993.0,H3N2,Europe
AFH00329,A,,Hong Kong,1994.0,H3N2,Asia
AFH00461,A,,Hong Kong,1996.0,H3N2,Asia
AFH00494,A,,Hong Kong,1996.0,H3N2,Asia
AFH00725,A,,Netherlands,1982.0,H3N2,Europe
AFH53677,A,swine,Minnesota,2011.0,H3N2,North America
AFH53725,A,swine,Illinois,2010.0,H3N2,North America
AFH53736,A,swine,Illinois,2010.0,H3N2,North America
AFH76959,A,swine,Minnesota,2011.0,H1N1,North America
AFH76964,A,swine,Illinois,2011.0,H1N1,North America
AFH76980,A,swine,Missouri,2010.0,H1N1,North America
AFH76985,A,swine,Illinois,2010.0,H1N2,North America
AFI44342,A,avian,Egypt,2011.0,H5N1,Africa
AFI44353,A,avian,Egypt,2012.0,H5N1,Africa
AFI44374,A,swine,Illinois,2011.0,H1N2,North America
AFI62127,A,swine,Kansas,2009.0,H1N2,North America
AFI62138,A,swine,Minnesota,2011.0,H1N2,North America
AFI62139,A,swine,Minnesota,2011.0,H1N2,North America
AFI62151,A,swine,Minnesota,2011.0,H1N2,North America
AFI62154,A,swine,North Carolina,2010.0,H1N2,North America
AFI73231,A,avian,Egypt,2012.0,H9N2,Africa
AFI73232,A,avian,Egypt,2011.0,H9N2,Africa
AFJ12607,A,avian,Hong Kong,1978.0,H2N2,Asia
AFJ13347,A,avian,New Jersey,1986.0,H2N7,North America
AFJ13380,A,avian,Delaware Bay,1986.0,H2N7,North America
AFJ13424,A,avian,Delaware Bay,1993.0,H2N1,North America
AFJ18989,A,avian,Yangon,2010.0,H5N1,Asia
AFJ19065,A,swine,Ohio,2011.0,H1N2,North America
AFJ69901,A,avian,Vietnam,2007.0,H5N1,Asia
AFJ74842,A,,Malaysia,2004.0,H3N2,Asia
AFJ76186,A,,Malaysia,2009.0,H1N1,Asia
AFJ77517,A,,Malaysia,1999.0,H3N2,Asia
AFJ77891,A,,Malaysia,2004.0,H3N2,Asia
AFJ78364,A,,Malaysia,1997.0,H1N1,Asia
AFJ78661,A,,Malaysia,2009.0,H1N1,Asia
AFK13944,A,avian,Guangdong,2010.0,H5N5,Asia
AFL56787,A,swine,Minnesota,2009.0,H1N1,North America
AFL56810,A,swine,Oklahoma,2011.0,H1N1,North America
AFM08869,A,avian,South Africa,2011.0,H5N2,Africa
AFM08891,A,avian,South Africa,2011.0,H5N2,Africa
AFM09320,A,avian,Alaska,2007.0,H3N8,North America
AFM09428,A,avian,Alaska,2006.0,H2N5,North America
AFM46517,A,swine,Iowa,2010.0,H1N1,North America
AFM46518,A,swine,Iowa,2010.0,H1N1,North America
AFM46519,A,swine,Iowa,2010.0,H1N2,North America
AFM46633,A,swine,Iowa,2011.0,H1N2,North America
AFM46639,A,swine,Iowa,2011.0,H1N1,North America
AFM46642,A,swine,Iowa,2011.0,H1N2,North America
AFM46643,A,swine,Oklahoma,2011.0,H1N2,North America
AFM46654,A,swine,Iowa,2011.0,H1N2,North America
AFM46659,A,swine,Nebraska,2011.0,H1N2,North America
AFM46668,A,swine,Mississippi,2011.0,H1N1,North America
AFM46839,A,swine,Iowa,2011.0,H1N2,North America
AFM46852,A,swine,Iowa,2011.0,H1N2,North America
AFM46856,A,swine,Iowa,2011.0,H1N2,North America
AFM46999,A,swine,Iowa,2011.0,H1N1,North America
AFM47137,A,swine,Illinois,2011.0,H3N2,North America
AFM47165,A,swine,Guangdong,2011.0,H3N2,Asia
AFM68954,A,,NWS,1934.0,H1N1,Oceania
AFM71731,A,,Beijing,1989.0,H3N2,Asia
AFM72098,A,,Sichuan,1987.0,H3N2,Asia
AFM72186,A,,South Africa,1996.0,H3N2,Africa
AFM72257,A,,Ulan Ude,2000.0,H3N2,Europe
AFM72312,A,,Fujian,2003.0,H3N2,Asia
AFM72356,A,,Wellington,2004.0,H3N2,Oceania
AFM78578,A,ferret,Indonesia,2005.0,H5N1,Asia
AFM93978,A,swine,South Dakota,2012.0,H3N2,North America
AFM93986,A,swine,Minnesota,2012.0,H1N1,North America
AFN06490,A,swine,Zhejiang,2008.0,H1N2,Asia
AFN18875,A,,Singapore,2009.0,H1N1,Asia
AFN66856,A,swine,Oklahoma,2012.0,H1N2,North America
AFO64802,A,,Nanchang,1999.0,H1N1,Asia
AFO64835,A,,Wellington,1992.0,H1N1,Oceania
AFO64868,A,,Shanghai,1996.0,H1N1,Asia
AFO65016,A,,Ostrava,1998.0,H1N1,Europe
AFO66147,A,,Chile,2000.0,H1N1,South America
AFO83000,A,swine,Iowa,2012.0,H1N2,North America
AFO83274,A,avian,Hungary,2001.0,H9N2,Europe
AFO83280,A,avian,Nepal,2010.0,H9Nx,Asia
AFO83294,A,avian,Saudi Arabia,2011.0,H9Nx,Asia
AFO83295,A,avian,United Arab Emirates,2011.0,H9Nx,Asia
AFP36088,A,swine,Minnesota,2012.0,H1N2,North America
AFP36183,A,swine,Hungary,2011.0,H1N1,Europe
AFP83236,A,swine,Guangdong,2010.0,H3N2,Asia
AFP99689,A,swine,Ohio,2012.0,H3N2,North America
AFQ34707,A,swine,Mexico,2010.0,H3N2,North America
AFQ34729,A,swine,Mexico,2010.0,H1N1,North America
AFQ37281,A,swine,Nigeria,2011.0,H1N1,Africa
AFQ55689,A,,Mexico,2012.0,H7N3,North America
AFQ60210,A,,Egypt,2012.0,H5N1,Africa
AFQ90529,A,,Moscow,1998.0,H1N1,Europe
AFR42694,A,,Wuhan,1995.0,H3N2,Asia
AFR42701,A,swine,Korea,2011.0,H3N2,Asia
AFR60992,A,avian,Shandong,2011.0,H5N1,Asia
AFR75836,A,swine,Korea,2009.0,H1N2,Asia
AFR75854,A,swine,Korea,2009.0,H1N2,Asia
AFR75881,A,swine,Eire,1996.0,H1N1,Europe
AFR75892,A,swine,England,2009.0,H1N2,Europe
AFR75914,A,swine,England,2002.0,H1N2,Europe
AFR75967,A,swine,England,2005.0,H1N1,Europe
AFR76123,A,swine,England,2002.0,H1N1,Europe
AFR76145,A,swine,England,1993.0,H1N1,Europe
AFR76173,A,swine,England,2009.0,H1N2,Europe
AFR76227,A,swine,England,2005.0,H1N1,Europe
AFR76238,A,swine,England,2001.0,H1N1,Europe
AFR76311,A,swine,England,2006.0,H1N1,Europe
AFR76344,A,swine,England,2000.0,H1N2,Europe
AFR76396,A,swine,England,1997.0,H1N2,Europe
AFR76416,A,swine,England,1995.0,H3N1,Europe
AFR76471,A,swine,England,1997.0,H1N2,Europe
AFR76498,A,swine,England,2008.0,H1N2,Europe
AFR76505,A,swine,Finistere,1982.0,H1N1,Europe
AFR76539,A,swine,Cotes d'Armor,2002.0,H1N2,Europe
AFR76623,A,swine,Gent,2005.0,H1N1,Europe
AFR76696,A,swine,Italy,2001.0,H1N1,Europe
AFR76707,A,swine,Italy,2005.0,H1N1,Europe
AFR76739,A,swine,Italy,2006.0,H1N1,Europe
AFR76783,A,swine,Spain,2002.0,H1N2,Europe
AFU08580,A,swine,Illinois,2012.0,H1N2,North America
AFU08704,A,swine,Illinois,2012.0,H1N2,North America
AFU08788,A,swine,Oklahoma,2012.0,H3N2,North America
AFU08812,A,swine,Illinois,2012.0,H1N2,North America
AFU08816,A,swine,Illinois,2012.0,H1N2,North America
AFU08828,A,swine,Illinois,2012.0,H3N2,North America
AFU08860,A,swine,Iowa,2012.0,H1N2,North America
AFU08884,A,swine,Illinois,2012.0,H1N2,North America
AFU08908,A,swine,Nebraska,2012.0,H1N2,North America
AFU08944,A,swine,Minnesota,2012.0,H3N2,North America
AFU08956,A,swine,Illinois,2011.0,H1N2,North America
AFU08988,A,swine,Nebraska,2012.0,H3N2,North America
AFU09053,A,swine,Italy,2011.0,H3N2,Europe
AFU09056,A,swine,Italy,2010.0,H1N1,Europe
AFU09062,A,swine,Italy,2011.0,H1N2,Europe
AFU09064,A,swine,Italy,2011.0,H1N2,Europe
AFU09933,A,swine,Illinois,2012.0,H1N2,North America
AFU09985,A,swine,Nebraska,2012.0,H1N2,North America
AFU10042,A,swine,Colorado,2012.0,H3N2,North America
AFU10043,A,swine,Iowa,2012.0,H3N2,North America
AFU10169,A,swine,Illinois,2011.0,H1N2,North America
AFU10181,A,swine,Minnesota,2011.0,H1N2,North America
AFU10184,A,swine,Minnesota,2010.0,H1N1,North America
AFU10229,A,avian,SK,2010.0,H5N3,Europe
AFU92387,A,swine,Shaanxi,2011.0,H1N1,Asia
AFV31477,A,swine,South Dakota,2012.0,H1N2,North America
AFV31487,A,swine,Vladimir,2009.0,H3N2,Europe
AFV33742,A,,Utah,2012.0,H3N2,North America
AFV33954,A,swine,Montana,2012.0,H3N2,North America
AFV53205,A,,Montevideo,1967.0,H2N2,South America
AFV53260,A,,Kw,1957.0,H1N1,Asia
AFV53271,A,,ITS,1957.0,H2N2,Europe
AFV53293,A,,Ned,1963.0,H2N2,Europe
AFV53314,A,,Ann Arbor,1960.0,H2N2,North America
AFV77715,A,swine,Shaanxi,2012.0,H1N1,Asia
AFW16001,A,swine,Oklahoma,2012.0,H1N2,North America
AFW18314,A,avian,Giza,2008.0,H5N1,Africa
AFW18325,A,avian,Giza,2009.0,H5N1,Africa
AFX65229,A,swine,Nanjing,2011.0,H1N1,Asia
AFX65236,A,swine,Minnesota,2012.0,H1N2,North America
AFX65251,A,swine,North Carolina,2012.0,H1N2,North America
AFX65259,A,swine,Illinois,2012.0,H1N2,North America
AFY08044,A,swine,Illinois,2012.0,H1N1,North America
AFZ15807,A,swine,Nebraska,2012.0,H1N1,North America
AFZ15893,A,swine,SouthDakota,2012.0,H1N2,North America
AFZ15937,A,swine,Indiana,2012.0,H1N1,North America
AFZ77460,A,swine,Minnesota,2012.0,H1N1,North America
AGA19044,A,swine,Nebraska,2012.0,H3N2,North America
AGA19235,A,swine,Neumarkt,2011.0,H1N1,Europe
AGA19305,A,swine,Ebbinghof,2011.0,H1N1,Europe
AGA19326,A,swine,Wuerusreuth,2009.0,H3N1,Europe
AGA19337,A,swine,South Dakota,2012.0,H1N1,North America
AGB84799,A,avian,Eastern China,2008.0,H5N1,Asia
AGB84833,A,swine,Finland,2009.0,H1N1,Europe
AGB84989,A,swine,Iowa,2012.0,H1N2,North America
AGB98447,A,swine,Ohio,2009.0,H1N2,North America
AGB98777,A,swine,Ohio,2009.0,H3N2,North America
AGC13458,A,swine,Finland,2010.0,H1N1,Europe
AGC13516,A,swine,Iowa,2012.0,H3N2,North America
AGC13633,A,swine,South Dakota,2012.0,H1N2,North America
AGC73203,A,avian,Ohio,2011.0,H1N2,North America
AGE02663,A,avian,Wisconsin,2010.0,H3N8,North America
AGE83982,A,swine,Korea,2011.0,H1N2,Asia
AGE84002,A,swine,Korea,2011.0,H1N1,Asia
AGF37648,A,,Chita,2012.0,H1N1,Europe
AGF37789,A,swine,Iowa,2012.0,H1N1,North America
AGF68987,A,swine,Minnesota,2013.0,H1N2,North America
AGF69028,A,avian,United Arab Emirates,2011.0,H9N2,Asia
AGF69039,A,avian,United Arab Emirates,2011.0,H9N2,Asia
AGF69050,A,avian,United Arab Emirates,2011.0,H9N2,Asia
AGF69071,A,swine,South Dakota,2013.0,H3N2,North America
AGG12643,A,swine,Ohio,2013.0,H1N2,North America
AGG25652,A,avian,Interior Alaska,2010.0,H3N8,North America
AGG27706,A,avian,Delaware Bay,2001.0,H10N7,North America
AGG27718,A,avian,Delaware Bay,2001.0,H10N7,North America
AGG27863,A,avian,Delaware Bay,2001.0,H10N7,North America
AGG27899,A,avian,Delaware Bay,2001.0,H10N7,North America
AGG53088,A,swine,Thailand,2010.0,H1N1,Asia
AGG53177,A,swine,Thailand,2012.0,H3N2,Asia
AGG53443,A,avian,Korea,2010.0,H7N7,Asia
AGG53498,A,avian,Korea,2009.0,H7N7,Asia
AGG53738,A,swine,Illinois,2013.0,H1N2,North America
AGG82133,A,avian,New Brunswick,2010.0,H3N8,North America
AGG83064,A,avian,New Brunswick,2010.0,H7N7,North America
AGG86711,A,swine,Illinois,2013.0,H1N1,North America
AGG86723,A,avian,China,2011.0,H5N1,Asia
AGG86729,A,swine,Illinois,2013.0,H1N2,North America
AGG86873,A,swine,HeudorfMesskirch,2011.0,H1N1,Europe
AGH25309,A,swine,Jiangsu,2008.0,H5N1,Asia
AGH25310,A,swine,Jiangsu,2009.0,H5N1,Asia
AGH30710,A,swine,Minnesota,2013.0,H1N2,North America
AGH55479,A,avian,India,2008.0,H5N1,Asia
AGI02344,A,avian,Shandong,2010.0,H5N1,Asia
AGI02406,A,swine,Iowa,2013.0,H1N1,North America
AGI02552,A,swine,Kansas,2012.0,H3N2,North America
AGI40726,A,swine,Iowa,2013.0,H1N1,North America
AGI41230,A,avian,Shaanxi,2012.0,H9N2,Asia
AGI41250,A,swine,Illinois,2013.0,H1N2,North America
AGI52981,A,,Tennessee,2009.0,H1N1,North America
AGI52989,A,,Virginia,2009.0,H1N1,North America
AGI54182,A,,Tennessee,2009.0,H1N1,North America
AGI55453,A,,Illinois,2009.0,H1N1,North America
AGJ73367,A,,Alborz,2011.0,H1N1,Asia
AGJ73386,A,swine,South Dakota,2013.0,H1N1,North America
AGK24287,A,swine,Thailand,2009.0,H3N2,Asia
AGK24317,A,swine,Thailand,2010.0,H1N1,Asia
AGK24455,A,swine,Illinois,2013.0,H1N2,North America
AGK24463,A,swine,Iowa,2013.0,H1N1,North America
AGK42156,A,avian,Minnesota,2008.0,H3N8,North America
AGK43414,A,avian,Minnesota,2010.0,H1N1,North America
AGK43532,A,avian,Minnesota,2008.0,H2N3,North America
AGK62683,A,swine,Nebraska,2013.0,H1N2,North America
AGK62750,A,swine,Argentina,2011.0,H3N2,South America
AGK72773,A,,Mississippi,2011.0,H1N1,North America
AGK73228,A,,Washington,2011.0,H1N1,North America
AGK73290,A,,California,2011.0,H1N1,North America
AGL04214,A,avian,Newfoundland,2011.0,H1N2,North America
AGL04307,A,swine,Denmark,1993.0,H1N1,Europe
AGL04309,A,swine,Denmark,2004.0,H1N1,Europe
AGL04311,A,swine,Denmark,2005.0,H1N1,Europe
AGL04315,A,swine,Denmark,2005.0,H1N1,Europe
AGL04337,A,swine,Denmark,2003.0,H1N2,Europe
AGL04365,A,swine,Denmark,2003.0,H3N2,Europe
AGL04595,A,,Texas,2012.0,H1N1,North America
AGL04629,A,,Illinois,2012.0,H1N1,North America
AGL05056,A,,Texas,2012.0,H1N1,North America
AGL06095,A,,Hawaii,2012.0,H3N2,North America
AGL06857,A,,Texas,2012.0,H3N2,North America
AGL07410,A,,Hawaii,2012.0,H3N2,North America
AGL07471,A,swine,France,2013.0,H1N1,Europe
AGL07472,A,swine,France,2011.0,H1N2,Europe
AGL07673,A,swine,Minnesota,2013.0,H3N2,North America
AGL09786,A,,New York,2013.0,H3N2,North America
AGL09815,A,,Texas,2013.0,H3N2,North America
AGL09881,A,,Florida,2013.0,H3N2,North America
AGL52805,A,avian,Interior Alaska,2010.0,H7N3,North America
AGL57025,A,avian,Interior Alaska,2010.0,H7N3,North America
AGL57850,A,avian,Delaware,2002.0,H7N3,North America
AGL57927,A,avian,Delaware,2003.0,H9N5,North America
AGL57968,A,avian,Delaware,2003.0,H9N2,North America
AGL58957,A,avian,New Jersey,2008.0,H3N2,North America
AGL58994,A,avian,New Jersey,2008.0,H10N7,North America
AGL60617,A,avian,New Jersey,2009.0,H10N7,North America
AGL60763,A,avian,Delaware,2009.0,H10N7,North America
AGL60775,A,avian,New Jersey,2009.0,H10N7,North America
AGL60823,A,avian,New Jersey,2009.0,H10N7,North America
AGL96912,A,swine,Italy,2012.0,H1N1,Europe
AGM16027,A,swine,Iowa,2013.0,H1N2,North America
AGM16031,A,swine,North Carolina,2013.0,H1N2,North America
AGM53491,A,swine,North Carolina,2007.0,H3N2,North America
AGM53496,A,swine,Ohio,2007.0,H3N2,North America
AGM53498,A,swine,Winconsin,2009.0,H3N2,North America
AGN28824,A,swine,Korea,2013.0,H1N2,Asia
AGN49381,A,avian,Guangxi,2012.0,H1N2,Asia
AGN69593,A,swine,Illinois,2013.0,H1N2,North America
AGN69613,A,swine,North Carolina,2013.0,H1N2,North America
AGN69629,A,swine,North Carolina,2013.0,H1N2,North America
AGO00313,A,,Texas,,H3N2,North America
AGO00337,A,,PAL,,H1N2,Europe
AGO02249,A,avian,Hong Kong,2009.0,H5N1,Asia
AGO17847,A,,Hong Kong,2009.0,H9N2,Asia
AGO17883,A,avian,Hong Kong,1997.0,H9N2,Asia
AGO17946,A,avian,Hong Kong,2011.0,H9N2,Asia
AGO51411,A,swine,Wyoming,2013.0,H3N2,North America
AGO51415,A,swine,Minnesota,2013.0,H3N2,North America
AGO59894,A,swine,South Dakota,2013.0,H1N2,North America
AGO86678,A,swine,Minnesota,2013.0,H1N1,North America
AGO87255,A,avian,Hunan,2011.0,H5N1,Asia
AGQ47740,A,,BH,1935.0,H1N1,South America
AGQ47776,A,,Cameron,1946.0,H1N1,NaN
AGQ47835,A,,Georgia,,H3N2,North America
AGQ88476,A,swine,Iowa,2013.0,H3N2,North America
AGR45141,A,swine,Italy,2011.0,H1N2,Europe
AGR45144,A,swine,Italy,2011.0,H1N2,Europe
AGR45311,A,swine,Nebraska,2013.0,H1N2,North America
AGS08781,A,swine,South Dakota,2013.0,H1N1,North America
AGS08785,A,swine,Minnesota,2013.0,H3N2,North America
AGS08997,A,swine,Korea,2012.0,H3N2,Asia
AGS41692,A,swine,Illinois,2013.0,H1N2,North America
AGS48846,A,swine,Illinois,2013.0,H1N1,North America
AGT18720,A,,Kenya,2013.0,H1N1,Africa
AGT18721,A,,Kenya,2013.0,H1N1,Africa
AGT18723,A,,Kenya,2012.0,H1N1,Africa
AGT18724,A,,Kenya,2013.0,H1N1,Africa
AGT18748,A,,Kenya,2012.0,H3N2,Africa
AGT37102,A,swine,Denmark,2012.0,H1N2,Europe
AGU69932,A,,Singapore,2007.0,H1N1,Asia
AGU69969,A,swine,Illinois,2013.0,H1N2,North America
AGU92777,A,,Georgia,2012.0,H1N1,North America
AGW25699,A,avian,Thailand,2010.0,H9N7,Asia
AGW27061,A,avian,Hong Kong,2011.0,H5N1,Asia
AGW43288,A,avian,Iceland,2011.0,H3N6,Europe
AGW43444,A,avian,Iceland,2011.0,H2N5,Europe
AGW44014,A,avian,Canada,2011.0,H3N5,North America
AGW83306,A,swine,Illinois,2013.0,H1N1,North America
AGW83314,A,swine,Illinois,2013.0,H1N1,North America
AGX00864,A,avian,Ningxia,2012.0,H5N1,Asia
AGX00886,A,swine,Illinois,2013.0,H1N2,North America
AGY14270,A,avian,Hunan,2011.0,H9N2,Asia
AGY14421,A,swine,Illinois,2013.0,H1N2,North America
AGY79889,A,avian,California,2012.0,H2N3,North America
AGY80411,A,avian,California,2012.0,H2N3,North America
AGZ60429,A,,New Hampshire,2012.0,H3N2,North America
AGZ60571,A,,Maine,2012.0,H3N2,North America
AGZ61154,A,,Missouri,2013.0,H3N2,North America
AGZ61178,A,,Arkansas,2013.0,H3N2,North America
AGZ61211,A,,Oklahoma,2012.0,H3N2,North America
AGZ61248,A,,Florida,2012.0,H3N2,North America
AGZ61259,A,,Colorado,2012.0,H3N2,North America
AGZ61263,A,,Mississippi,2012.0,H3N2,North America
AGZ61736,A,,Texas,2009.0,H1N1,North America
AGZ62339,A,swine,Illinois,2013.0,H1N1,North America
AGZ62363,A,swine,Illinois,2013.0,H1N2,North America
AGZ62388,A,swine,North Carolina,2013.0,H1N1,North America
AGZ62396,A,swine,Iowa,2013.0,H1N1,North America
AGZ62404,A,swine,Illinois,2013.0,H1N1,North America
AHA11511,A,swine,Minnesota,2013.0,H3N2,North America
AHA38263,A,swine,Indiana,2010.0,H3N2,North America
AHA38580,A,,Tambov,2013.0,H1N1,Europe
AHA57090,A,swine,Minnesota,2013.0,H1N1,North America
AHA57131,A,swine,Nebraska,2013.0,H1N2,North America
AHA57151,A,swine,Illinois,2013.0,H3N2,North America
AHA57155,A,swine,Illinois,2013.0,H1N2,North America
AHA98453,A,,Helsinki,2013.0,H3N2,Europe
AHA98464,A,,Helsinki,2013.0,H3N2,Europe
AHB20856,A,swine,Tennessee,2004.0,H1N1,North America
AHB20931,A,swine,Oklahoma,2005.0,H3N2,North America
AHB21027,A,swine,Oklahoma,2006.0,H1N1,North America
AHB21075,A,swine,North Carolina,2006.0,H1N2,North America
AHB21195,A,swine,Texas,2007.0,H3N1,North America
AHB21219,A,swine,Texas,2007.0,H1N2,North America
AHB21448,A,swine,North Carolina,2008.0,H1N1,North America
AHB21460,A,swine,North Carolina,2008.0,H1N2,North America
AHB21628,A,swine,North Carolina,2009.0,H1N1,North America
AHB21700,A,swine,Illinois,2009.0,H1N1,North America
AHB21712,A,swine,Oklahoma,2010.0,H1N1,North America
AHB22213,A,swine,Saskatchewan,2009.0,H3N2,North America
AHB22225,A,swine,Manitoba,2011.0,H3N2,North America
AHB22342,A,swine,North Carolina,2007.0,H1N1,North America
AHB22532,A,swine,Saskatchewan,2011.0,H3N2,North America
AHB22567,A,swine,Iowa,2003.0,H3N2,North America
AHB22579,A,swine,Nebraska,2003.0,H1N1,North America
AHB22615,A,swine,Nebraska,2003.0,H3N2,North America
AHB22687,A,swine,North Carolina,2004.0,H1N1,North America
AHB22699,A,swine,North Carolina,2004.0,H3N2,North America
AHB22843,A,swine,Oklahoma,2005.0,H1N1,North America
AHB22855,A,swine,Texas,2005.0,H3N2,North America
AHB22927,A,swine,Oklahoma,2006.0,H1N2,North America
AHB22939,A,swine,North Carolina,2006.0,H3N2,North America
AHB22963,A,swine,South Carolina,2006.0,H1N1,North America
AHB22975,A,swine,North Carolina,2006.0,H3N2,North America
AHB23011,A,swine,North Carolina,2007.0,H1N1,North America
AHB23035,A,swine,North Carolina,2007.0,H1N1,North America
AHB23071,A,swine,Arkansas,2009.0,H1N2,North America
AHB23117,A,swine,Oklahoma,2010.0,H1N1,North America
AHB23143,A,swine,Texas,2010.0,H3N2,North America
AHB23664,A,swine,North Carolina,2005.0,H1N1,North America
AHB24430,A,swine,Oklahoma,2010.0,H3N2,North America
AHB24776,A,swine,Mexico,2011.0,H3N2,North America
AHB51172,A,swine,Texas,2003.0,H1N1,North America
AHB51244,A,swine,Nebraska,2003.0,H3N2,North America
AHB51256,A,swine,Missouri,2003.0,H1N1,North America
AHB51316,A,swine,Missouri,2004.0,H3N2,North America
AHB51328,A,swine,Minnesota,2004.0,H1N1,North America
AHB51390,A,swine,Minnesota,2005.0,H1N1,North America
AHB51472,A,swine,Manitoba,2009.0,H1N1,North America
AHB51520,A,swine,North Carolina,2003.0,H3N2,North America
AHB59452,A,swine,Nebraska,2013.0,H1N2,North America
AHB72773,A,swine,Minnesota,2013.0,H3N2,North America
AHB72834,A,swine,Illinois,2013.0,H1N1,North America
AHB72968,A,avian,Egypt,2013.0,H9N2,Africa
AHB73620,A,avian,Dongting,2012.0,H1N2,Asia
AHB73644,A,swine,Iowa,2013.0,H1N1,North America
AHC28996,A,avian,Guangdong,2008.0,H5N5,Asia
AHC58029,A,,Peru,2011.0,H3N2,South America
AHC69182,A,avian,Bangladesh,2012.0,H5N1,Asia
AHC69322,A,swine,Iowa,2013.0,H3N2,North America
AHC69370,A,swine,Nebraska,2013.0,H1N2,North America
AHD25010,A,swine,Minnesota,2013.0,H3N2,North America
AHD25046,A,swine,Indiana,2013.0,H1N2,North America
AHD25066,A,swine,Oklahoma,2013.0,H1N1,North America
AHD25126,A,swine,North Carolina,2013.0,H3N2,North America
AHD25285,A,swine,Minnesota,2013.0,H1N2,North America
AHD25415,A,swine,Indiana,2013.0,H1N1,North America
AHF20383,A,,Cambodia,2013.0,H5N1,Asia
AHF20402,A,,Cambodia,2013.0,H5N1,Asia
AHF20413,A,avian,Cambodia,2013.0,H5N1,Asia
AHF20428,A,,Cambodia,2013.0,H5N1,Asia
AHF20480,A,,Cambodia,2013.0,H5N1,Asia
AHF20501,A,swine,Illinois,2013.0,H1N1,North America
AHG26596,A,swine,Oklahoma,2013.0,H1N2,North America
AHG26608,A,swine,Illinois,2013.0,H1N2,North America
AHG26632,A,swine,Illinois,2013.0,H1N2,North America
AHG26648,A,swine,Illinois,2013.0,H1N2,North America
AHG26717,A,swine,Iowa,2013.0,H1N2,North America
AHG26737,A,swine,Oklahoma,2013.0,H1N2,North America
AHG26890,A,,Utah,2013.0,H1N1,North America
AHH00837,A,swine,Nebraska,2013.0,H1N1,North America
AHH25326,A,swine,Illinois,2013.0,H3N2,North America
AHH25330,A,swine,Minnesota,2013.0,H1N2,North America
AHI43338,A,swine,Illinois,2013.0,H1N2,North America
AHI43541,A,avian,Egypt,2012.0,H5N1,Africa
AHI97132,A,avian,Henan,2013.0,H5N2,Asia
AHI97714,A,swine,Thailand,2012.0,H1N1,Asia
AHJ02873,A,swine,Minnesota,2014.0,H1N2,North America
AHJ02888,A,swine,Guangxi,2013.0,H1N1,Asia
AHJ57430,A,,Tehran,2013.0,H1N1,Asia
AHJ57431,A,,Tehran,2013.0,H1N1,Asia
AHJ57435,A,,Tehran,2013.0,H1N1,Asia
AHK10669,A,swine,Iowa,2012.0,H1N1,North America
AHK10800,A,,Shanghai,2014.0,H7N9,Asia
AHL21511,A,swine,Minnesota,2013.0,H3N2,North America
AHL58744,A,swine,Iowa,2013.0,H3N2,North America
AHL81541,A,avian,Wisconsin,2011.0,H1N2,North America
AHL81845,A,avian,Wisconsin,2011.0,H3N2,North America
AHL82087,A,avian,Wisconsin,2011.0,H3N2,North America
AHL83031,A,avian,Mississippi,2012.0,H5N3,North America
AHL83056,A,avian,Mississippi,2012.0,H5N3,North America
AHL95518,A,,Boston,2013.0,H3N2,North America
AHM24143,A,swine,Illinois,2014.0,H1N2,North America
AHM24191,A,swine,North Dakota,2014.0,H1N1,North America
AHM24199,A,swine,North Carolina,2014.0,H1N1,North America
AHM24205,A,avian,Germany,2010.0,H10N8,Europe
AHM24289,A,swine,Guangxi,2013.0,H1N1,Asia
AHM24301,A,swine,Guangxi,2013.0,H1N1,Asia
AHM97626,A,avian,California,2012.0,H1N1,North America
AHM97674,A,avian,California,2013.0,H5N5,North America
AHM98133,A,avian,California,2013.0,H5N5,North America
AHM98204,A,avian,California,2013.0,H5N5,North America
AHN00657,A,avian,Wisconsin,1981.0,H3N2,North America
AHN01260,A,avian,Alaska,1976.0,H1N2,North America
AHN03147,A,avian,Wisconsin,1979.0,H3N2,North America
AHN19444,A,,Illinois,2013.0,H1N1,North America
AHN19556,A,avian,Egypt,2013.0,H5N1,Africa
AHN19564,A,avian,Egypt,2013.0,H5N1,Africa
AHN96530,A,avian,Wisconsin,2013.0,H7N3,North America
AHN96602,A,avian,Iowa,2013.0,H7N3,North America
AHN96650,A,avian,Ohio,2013.0,H9N2,North America
AHN96710,A,avian,Iowa,2013.0,H3N8,North America
AHN96842,A,avian,Ohio,2013.0,H2N3,North America
AHN97094,A,avian,Ohio,2013.0,H10N8,North America
AHN97178,A,avian,Wisconsin,2013.0,H3N8,North America
AHN97322,A,avian,Wisconsin,2013.0,H3N2,North America
AHV83802,A,,Colorado,2013.0,H1N1,North America
AHW46580,A,swine,Illinois,2014.0,H1N2,North America
AHW46596,A,swine,Oklahoma,2014.0,H1N1,North America
AHW46624,A,swine,Illinois,2014.0,H1N1,North America
AHW46681,A,swine,Iowa,2014.0,H1N2,North America
AHW46830,A,swine,Indiana,2014.0,H3N2,North America
AHW83226,A,,Pavia,2014.0,H3N2,Europe
AHW83238,A,,Minnesota,2012.0,H1N2,North America
AHX38144,A,,Gainesville,2014.0,H1N1,North America
AHX38310,A,swine,Ohio,2013.0,H3N2,North America
AHX38928,A,swine,Ohio,2013.0,H3N2,North America
AHY20736,A,avian,Bhutan,2012.0,H5N1,Asia
AHY20744,A,avian,Bhutan,2012.0,H5N1,Asia
AHY20931,A,swine,South Dakota,2014.0,H1N1,North America
AHY20935,A,swine,South Dakota,2014.0,H1N2,North America
AHY84442,A,avian,Iran,2014.0,H9N2,Asia
AHY84466,A,,Uganda,2011.0,H1N1,Africa
AHY84544,A,,Uganda,2009.0,H1N1,Africa
AHY95001,A,swine,North Carolina,2014.0,H3N2,North America
AHY95005,A,swine,Iowa,2014.0,H1N2,North America
AHY95096,A,swine,Illinois,2014.0,H3N2,North America
AHY95100,A,swine,Nebraska,2014.0,H3N2,North America
AHY95104,A,swine,Minnesota,2014.0,H1N1,North America
AHY95115,A,avian,Hebei,2010.0,H5N2,Asia
AHZ38875,A,avian,Sweden,2002.0,H7N7,Europe
AHZ39463,A,avian,Republic of Georgia,2012.0,H2N5,Asia
AHZ39487,A,avian,Republic of Georgia,2012.0,H2N3,Asia
AHZ39510,A,avian,Republic of Georgia,2012.0,H1N1,Asia
AHZ40057,A,,Houston,2012.0,H3Nx,North America
AHZ42377,A,avian,Delaware Bay,1994.0,H7N7,North America
AHZ43337,A,avian,Missouri,2012.0,H10N3,North America
AHZ43485,A,avian,Ohio,2012.0,H3N6,North America
AHZ43660,A,avian,Ohio,2012.0,H3N6,North America
AHZ44129,A,avian,Wisconsin,2012.0,H3N8,North America
AHZ44189,A,avian,Wisconsin,2012.0,H1N1,North America
AHZ44225,A,avian,Wisconsin,2012.0,H3N2,North America
AHZ59311,A,avian,Guangxi,2013.0,H9N2,Asia
AHZ65629,A,swine,Missouri,2014.0,H3N2,North America
AHZ65633,A,swine,Minnesota,2014.0,H1N2,North America
AHZ65637,A,swine,Minnesota,2014.0,H1N1,North America
AHZ65657,A,swine,North Carolina,2014.0,H1N2,North America
AHZ65725,A,swine,Iowa,2014.0,H1N2,North America
AHZ65737,A,swine,Oklahoma,2014.0,H1N1,North America
AHZ65741,A,swine,Illinois,2014.0,H3N2,North America
AHZ65749,A,swine,North Carolina,2014.0,H3N2,North America
AHZ65761,A,swine,North Carolina,2014.0,H1N2,North America
AHZ65765,A,swine,South Dakota,2014.0,H3N2,North America
AHZ65769,A,swine,Iowa,2014.0,H1N2,North America
AIA24403,A,avian,Guangdong,2014.0,H5N6,Asia
AIA24431,A,swine,Kansas,2014.0,H3N2,North America
AIA24435,A,swine,Kansas,2014.0,H1N2,North America
AIA24447,A,swine,Minnesota,2014.0,H3N2,North America
AIA62032,A,avian,Guangxi,2009.0,H3N8,Asia
AIA66646,A,,Shiraz,2013.0,H1N1,Asia
AIA66731,A,swine,Missouri,2014.0,H1N1,North America
AIB06034,A,swine,Nebraska,2014.0,H1N1,North America
AIB06038,A,swine,Nebraska,2014.0,H1N2,North America
AIB06042,A,swine,Iowa,2014.0,H1N1,North America
AIB06050,A,swine,Iowa,2014.0,H1N2,North America
AIB06070,A,swine,North Carolina,2014.0,H3N2,North America
AIB06082,A,swine,North Carolina,2014.0,H1N2,North America
AIC73740,A,,Alabama,2014.0,H1N1,North America
AIC73749,A,,Colorado,2014.0,H3N2,North America
AIC73767,A,,Japan,2014.0,H1N1,Asia
AIC73815,A,,Massachusetts,2014.0,H3N2,North America
AIC73827,A,,New York,2014.0,H1N1,North America
AIC73834,A,,Ohio,2014.0,H1N1,North America
BAA00718,A,swine,England,1939.0,H1N1,Europe
BAA02768,A,,Suita,1989.0,H1N1,Asia
BAC43764,A,,Kayano,1957.0,H2N2,Asia
BAD89325,A,avian,Kyoto,2004.0,H5N1,Asia
BAF03627,A,avian,Miyagi,1977.0,H1N1,Asia
BAF43466,A,swine,Shimane,2001.0,H3N9,Asia
BAF49415,A,avian,Hokkaido,2001.0,H2N3,Asia
BAG28227,A,,Morioka,2005.0,H3N2,Asia
BAG49619,A,swine,Miyazaki,2006.0,H1N2,Asia
BAG49742,A,swine,Kyoto,1979.0,H1N1,Asia
BAH02110,A,swine,Udon Thani,2004.0,H3N2,Asia
BAH98103,A,swine,Obihiro,1985.0,H3N2,Asia
BAI68198,A,avian,Vietnam,2009.0,H3N2,Asia
BAI83388,A,swine,Tochigi,2008.0,H1N2,Asia
BAI83395,A,swine,Ratchaburi,2008.0,H1N1,Asia
BAI83396,A,swine,Ratchaburi,2008.0,H1N1,Asia
BAI94576,A,,Nagasaki,2010.0,H1N1,Asia
BAJ06679,A,,Nagasaki,2010.0,H1N1,Asia
BAJ09275,A,avian,Tsukuba,2006.0,H3N8,Asia
BAJ14029,A,swine,Japan,2000.0,H3N2,Asia
BAJ40004,A,,Sendai,2009.0,H1N1,Asia
BAJ83422,A,avian,Zambia,2009.0,H9N1,Africa
BAK23275,A,swine,Niigata,2004.0,H1N2,Asia
BAK24094,A,avian,Aomori,2011.0,H5N1,Asia
BAK41887,A,swine,Binh Duong,2010.0,H3N2,Asia
BAK42590,A,avian,Indonesia,2010.0,H5N1,Asia
BAK42591,A,avian,Indonesia,2010.0,H5N1,Asia
BAL61225,A,avian,EastKalimantan,2010.0,H5N1,Asia
BAM36148,A,avian,Vietnam,2011.0,H5N1,Asia
BAM36159,A,avian,Vietnam,2011.0,H5N1,Asia
BAM37808,A,,Tottori,2011.0,H1N1,Asia
BAM42775,A,avian,Vietnam,2011.0,H3N2,Asia
BAM62981,A,swine,Chonburi,2011.0,H3N2,Asia
BAM63158,A,avian,Mongolia,2012.0,H7N7,Asia
BAM78376,A,swine,Tochigi,2011.0,H1N2,Asia
BAN14734,A,swine,Saitama,2004.0,H1N2,Asia
BAN14735,A,swine,Saitama,2005.0,H1N2,Asia
BAN14742,A,swine,Binh Doung,2010.0,H1N2,Asia
BAN14745,A,swine,Ehime,2002.0,H3N2,Asia
BAN14747,A,swine,Osaka,2008.0,H3N2,Asia
BAN42578,A,avian,Soc Trang,2012.0,H5N1,Asia
BAN66743,A,avian,Vietnam,2013.0,H9N2,Asia
BAN79067,A,avian,Vietnam,2013.0,H5N1,Asia
BAN81923,A,avian,Vietnam,2013.0,H5N1,Asia
BAO10666,A,avian,Chiba,2007.0,H9N2,Asia
BAO56967,A,avian,Vietnam,2013.0,H3N6,Asia
BAO74193,A,avian,kumamoto,2014.0,H5N8,Asia
CAA24271,A,avian,Ukraine,1963.0,H3N8,Europe
CAA24272,A,,Puerto Rico,1934.0,H1N1,North America
CAA29337,A,,England,1977.0,H3N2,Europe
CAA78263,A,avian,Netherlands,1927.0,H7N7,Europe
CAA91080,A,,Mongolia,1985.0,H1N1,Asia
CAA91081,A,,Mongolia,1988.0,H1N1,Asia
CAB95856,A,,Hong Kong,1999.0,H9N2,Asia
CAB95857,A,,Hong Kong,1999.0,H9N2,Asia
CAC18524,A,,Fiji,1983.0,,Oceania
CAC81018,A,swine,Potsdam,1982.0,H3N2,Europe
CAC86610,A,swine,Cotes d'Armor,1999.0,H1N1,Europe
CAD20336,A,avian,Hong Kong,1999.0,H3N8,Asia
CAP45718,A,avian,Slovenia,2006.0,H5N1,Europe
CAP49183,A,swine,Germany,1995.0,H1N1,Europe
CAP49192,A,swine,Germany,2000.0,H1N2,Europe
CCD31011,A,swine,La Habana,2010.0,H1N1,North America
CCH23216,A,avian,Netherlands,1999.0,H1N1,Europe
CCH23221,A,avian,Germany,1995.0,H9N2,Europe
CCQ71947,A,swine,Spain,2007.0,H1N1,Europe
CCQ71983,A,swine,Spain,2007.0,H1N2,Europe
CDJ79889,A,,Luxembourg,2005.0,H3N2,Europe
